place_id,review-ID,total_stars,text,food_rating,service_rating,atmosphere_rating
ChIJceaYPzmpQjQRlc1-wYpELkw,Ci9DQUlRQUNvZENodHljRjlvT2pFeVdrMWFTMDV5T0hoNVUzVTVkRjl4V21rNU5FRRAB,5.0,吃得很爽,5.0,5.0,5.0
ChIJceaYPzmpQjQRlc1-wYpELkw,Ci9DQUlRQUNvZENodHljRjlvT2t4TVJHbFFNV05VT1MxMFozbENNMDUzZFdSTldHYxAB,5.0,很久沒來吃 辣椒超辣 哇幹,,,
ChIJceaYPzmpQjQRlc1-wYpELkw,Ci9DQUlRQUNvZENodHljRjlvT210elJXZFhRbVpqZWpJd1RscE9NMEZCTFdWU1pFRRAB,4.0,涼麵好吃！,,,
ChIJceaYPzmpQjQRlc1-wYpELkw,Ci9DQUlRQUNvZENodHljRjlvT21KQlRrTjFVRTF5WTA5bWJFRk1jaTF0T1dGU1pGRRAB,5.0,,5.0,3.0,3.0
ChIJceaYPzmpQjQRlc1-wYpELkw,Ci9DQUlRQUNvZENodHljRjlvT21VNWNGWnZVVzVaZVZCRFdIcGZkVTlSZGxKelNtYxAB,5.0,,5.0,5.0,5.0
ChIJceaYPzmpQjQRlc1-wYpELkw,Ci9DQUlRQUNvZENodHljRjlvT21aVk1UUlRkVWc1TkhWUFpuRkxNMnRrVVVrdGJWRRAB,5.0,因為常常吃就沒有拍照了，留言是因為看到有人留言說辣椒很辣，愛吃辣油的我淋了小半匙在旁邊，剛入口時覺得…還好啊…然後…就後悔了猛灌湯😂,5.0,5.0,3.0
ChIJceaYPzmpQjQRlc1-wYpELkw,Ci9DQUlRQUNvZENodHljRjlvT25oalNtRklhVlozWTNSM1JWSkZTR2xLVERZM2MwRRAB,5.0,辣椒很辣很辣 要加的人不要太大方🤣🤣🤣🤣,5.0,5.0,5.0
ChIJceaYPzmpQjQRlc1-wYpELkw,Ci9DQUlRQUNvZENodHljRjlvT2xWT2REWjJXazFJZWxkWmFsQnBaRzR0VFhGSVZsRRAB,5.0,涼麵不錯吃是喜歡的那種傳統涼麵，但特別來留言：「辣椒真的非常非常辣」，外送給很大方一整包我就加了半包😵，平常小辣的人加兩滴就好！,,,
ChIJceaYPzmpQjQRlc1-wYpELkw,Ci9DQUlRQUNvZENodHljRjlvT2s1blNVOU9WMkZvUW05SFdWSkhWMmd6YVV0c1NWRRAB,1.0,麵吃起來整個爛爛的 小菜的豆干也是 整體吃起來能吃的只有湯,,,
ChIJceaYPzmpQjQRlc1-wYpELkw,Ci9DQUlRQUNvZENodHljRjlvT25kWlRWSk5ZM1V3ZHpkclQycGhSMFF5TUZKS1RHYxAB,5.0,讚,5.0,5.0,5.0
ChIJceaYPzmpQjQRlc1-wYpELkw,Ci9DQUlRQUNvZENodHljRjlvT2pCbWVXdHFWV1pVYkVSdVNHUXdjMHhyUWxSaFRXYxAB,5.0,涼麵超級好吃，麻醬有夠香！連吃兩天了,5.0,5.0,5.0
ChIJceaYPzmpQjQRlc1-wYpELkw,Ci9DQUlRQUNvZENodHljRjlvT25JMmVVRk1TemwzYzFoQlVHNXFUVVZqWW1ObVIxRRAB,5.0,"叫外送的時候沒有給到醬..
我覺得今天做的很棒的一點就是
馬上打電話反應後店家就請人送來
服務態度也真的讓人很舒服
光這點就是很多餐飲業做不到的了
服務跟售後態度最少已經給五星
食品也真的不錯吃 在多五星
會讓人再次訂購",5.0,5.0,5.0
ChIJceaYPzmpQjQRlc1-wYpELkw,Ci9DQUlRQUNvZENodHljRjlvT2pKYVVUaENSa2R4YWtSaFNTMHRMVVV5UjIwNFVtYxAB,1.0,,1.0,,
ChIJceaYPzmpQjQRlc1-wYpELkw,Ci9DQUlRQUNvZENodHljRjlvT2kxclpsVTBOUzEwVVVsdFZYcENha2wzY1ZwT1NXYxAB,5.0,雞絲麻醬涼麵跟白乾絲很好吃味道很夠 蒜味也很靈魂 👍🏻👍🏻,5.0,5.0,5.0
ChIJceaYPzmpQjQRlc1-wYpELkw,Ci9DQUlRQUNvZENodHljRjlvT21kTmJrVkJja05PU0c5WllXeEljaTFaZDBsS2VXYxAB,4.0,,5.0,3.0,3.0
ChIJceaYPzmpQjQRlc1-wYpELkw,Ci9DQUlRQUNvZENodHljRjlvT205V2RXeFZiMFIyTjFOcVowbHJhbUZrVTA5V1duYxAB,5.0,"開整天的
這陣子超愛的涼麵",5.0,5.0,5.0
ChIJceaYPzmpQjQRlc1-wYpELkw,Ci9DQUlRQUNvZENodHljRjlvT2xaRFEyaENhRmh2Vlhabk5GaHhWMVZCTVU5UU5rRRAB,1.0,點uber外送叫三合一湯只來味增湯 店家教育相當差勁,,,
ChIJceaYPzmpQjQRlc1-wYpELkw,Ci9DQUlRQUNvZENodHljRjlvT2xSbWVVaG1hVFEyY0ZwblduTmlVbE5IZWpsdk9FRRAB,4.0,,4.0,3.0,3.0
ChIJceaYPzmpQjQRlc1-wYpELkw,Ci9DQUlRQUNvZENodHljRjlvT2xKbE1qZHJkRlpqUkUxRlQwUlVVRE5rVWs5MGIwRRAB,1.0,"剛外送平台點的，
一星原因：喝湯喝到快底時候發現湯紙碗竟然融化快破了！ 傻眼了",,,
ChIJceaYPzmpQjQRlc1-wYpELkw,Ci9DQUlRQUNvZENodHljRjlvT21kS2VFRXRSekpFZWtaVE5WQjJObk10VjA5Q1YyYxAB,3.0,氣氛差、東西貴、老闆臉很臭,3.0,3.0,3.0
ChIJceaYPzmpQjQRlc1-wYpELkw,Ci9DQUlRQUNvZENodHljRjlvT2padVZUaEhlbEZTZDFkdU5IUTVaa3R0Vm5WMVQwRRAB,5.0,價格實在、味道又好，吃完立刻想再來一份。,5.0,5.0,5.0
ChIJceaYPzmpQjQRlc1-wYpELkw,Ci9DQUlRQUNvZENodHljRjlvT2pBelFUZG5NazVXTVhCeFJTMTJVRk5zUWxabmRFRRAB,5.0,真的很好吃。如果你來台灣旅遊，這裡絕對是你不容錯過的美食勝地。,5.0,5.0,5.0
ChIJceaYPzmpQjQRlc1-wYpELkw,Ci9DQUlRQUNvZENodHljRjlvT25sNVNISXhUbHBKTWw5U2RtSTVabU4zVG5VMmMxRRAB,5.0,我在台灣旅行時顧了這家餐廳，毫不猶豫地選擇了徐多秋麵。麵條和醬汁都非常美味，我由衷地推薦。,5.0,5.0,5.0
ChIJceaYPzmpQjQRlc1-wYpELkw,Ci9DQUlRQUNvZENodHljRjlvT25kRFJXTnpTMnBRY0VwNVh6QTNUM04xWmw5Q1MyYxAB,5.0,第一次買就愛上，配料新鮮、味道很穩，會回購。,5.0,5.0,5.0
ChIJceaYPzmpQjQRlc1-wYpELkw,Ci9DQUlRQUNvZENodHljRjlvT2xwRGVsZ3pTMHBzWjBOalgwSmZVRFZ3YVRZeWJYYxAB,5.0,"超級好吃😋

強烈推薦👍",5.0,5.0,5.0
ChIJceaYPzmpQjQRlc1-wYpELkw,Ci9DQUlRQUNvZENodHljRjlvT2swdE9VaFRkbGM0VVdKTkxWOHdTM1pEY2pCd1pXYxAB,5.0,醬汁超香！麵Q又涮嘴，完全是我最愛的涼麵口味。,5.0,5.0,5.0
ChIJceaYPzmpQjQRlc1-wYpELkw,Ci9DQUlRQUNvZENodHljRjlvT2tKTVFXdENOVEZ3YzFwU1JXbFZUM2cxYTBjNFlXYxAB,4.0,,4.0,3.0,2.0
ChIJceaYPzmpQjQRlc1-wYpELkw,Ci9DQUlRQUNvZENodHljRjlvT2tFeFdubEphREIwUldJMmRYZFdhekExYVVzMk5tYxAB,5.0,,,,
ChIJceaYPzmpQjQRlc1-wYpELkw,Ci9DQUlRQUNvZENodHljRjlvT21keGQyaHlWM2xXVjJwbmVXbHhZVXA0UkZSdk9GRRAB,5.0,"公司活動訂100份涼麵和味噌蛋湯
第一次吃，覺得不錯，下次去店裡吃看看其他口味。",5.0,5.0,3.0
ChIJceaYPzmpQjQRlc1-wYpELkw,Ci9DQUlRQUNvZENodHljRjlvT210T1lrdzJWMGx4YVdreGVXYzFZV3hTVDJ4a1YyYxAB,5.0,"每次跟朋友來都有營業
24小時的店家很少見
涼麵一定要加點辣味道層次會不一樣，他們辣椒很辣，愛吃辣的會喜歡",5.0,5.0,5.0
ChIJceaYPzmpQjQRlc1-wYpELkw,Ci9DQUlRQUNvZENodHljRjlvT2t0S2FFMUpTMmwwYVhNNFJXTXpSWEppVkhBMWNGRRAB,5.0,涼麵口味和小菜選擇多，配味噌湯三合一超讚的！,,,
ChIJceaYPzmpQjQRlc1-wYpELkw,Ci9DQUlRQUNvZENodHljRjlvT21oRllUTXljbWgwWms5cFZGbExWRVZaUVUxelUyYxAB,2.0,"我叫外送台式涼麵、紫菜湯加蛋還有皮蛋豆腐
第一次吃這麼沒味道的涼麵 醬跟麵完全沒味道 還好家裡有泡菜 不然真的吃不下去 湯就普普通通 最好吃的可能就是皮蛋豆腐的醬油膏了",1.0,,
ChIJceaYPzmpQjQRlc1-wYpELkw,Ci9DQUlRQUNvZENodHljRjlvT2pCeFFVTlhPRXRqTWxZeWVWODFTbGhDVm1Nd1dWRRAB,3.0,,,,
ChIJceaYPzmpQjQRlc1-wYpELkw,Ci9DQUlRQUNvZENodHljRjlvT2pjdFFtSlZaVGhxUzFRMk9XcElTMHRtU0VNNFVVRRAB,5.0,,5.0,5.0,5.0
ChIJceaYPzmpQjQRlc1-wYpELkw,Ci9DQUlRQUNvZENodHljRjlvT2tkRE5qQTNZazVTWlU1RVlYVkZkbE14YTFad1NXYxAB,2.0,,,,
ChIJceaYPzmpQjQRlc1-wYpELkw,Ci9DQUlRQUNvZENodHljRjlvT20xMlpUQlRjbTAyVUdoWFdtSllSRU0xY2xwUlJtYxAB,1.0,不懂為什麼會讓這種店家繼續營業…叫外送吃到得腸胃炎，發燒+嚴重腹瀉+全身虛弱,1.0,1.0,1.0
ChIJceaYPzmpQjQRlc1-wYpELkw,Ci9DQUlRQUNvZENodHljRjlvT2tadGFXTTVWMk5WVjBwNlEyVjNRVlZvVkc1cFFWRRAB,1.0,,,,
ChIJceaYPzmpQjQRlc1-wYpELkw,Ci9DQUlRQUNvZENodHljRjlvT2pFMlZFZ3haRXQ1VGxOMlVXUkxVWGQxZDNoTFVsRRAB,1.0,他不是鍋燒麵。若不是鍋燒麵，請不要標為鍋燒麵連個烏龍麵都不是。,1.0,5.0,5.0
ChIJceaYPzmpQjQRlc1-wYpELkw,Ci9DQUlRQUNvZENodHljRjlvT21wNmVVSnpZWEJWYTNCWGEzZFVRMmwyVWpGWGFWRRAB,5.0,"皮蛋板豆腐
不能只有我吃🤣 …",,,
ChIJceaYPzmpQjQRlc1-wYpELkw,Ci9DQUlRQUNvZENodHljRjlvT2twQ04wZHJNRWRKYUc5aGNGTjJhWGxZV25aMGVuYxAB,1.0,態度差，吃完一整天拉肚子，已向1999投訴,1.0,1.0,1.0
ChIJceaYPzmpQjQRlc1-wYpELkw,Ci9DQUlRQUNvZENodHljRjlvT25NNWJsTTVSelJFWkhaa1JHSlJXbW95T0ZOTVNHYxAB,4.0,他家的辣會辣，我喜歡,,,
ChIJceaYPzmpQjQRlc1-wYpELkw,Ci9DQUlRQUNvZENodHljRjlvT2t0S2JXZFlVa0ZRT0hNd2JEUmliWEpuUWkxb2VrRRAB,5.0,"好吃的涼麵
有日式醬油
台式麻醬
泰式酸辣",,,
ChIJceaYPzmpQjQRlc1-wYpELkw,Ci9DQUlRQUNvZENodHljRjlvT25WU1owWklVMGRIUTJVNWFqZHllR055WkZJemEwRRAB,5.0,"～良夜吉時·宵夜首選～
還有許多涼麵、味噌湯三合一",5.0,5.0,4.0
ChIJceaYPzmpQjQRlc1-wYpELkw,Ci9DQUlRQUNvZENodHljRjlvT25WcmFsSkRRbTlOVUhwMU9UbHpRVnBHV1cxYUxYYxAB,5.0,不錯吃可惜味噌湯沒海帶芽,5.0,5.0,5.0
ChIJceaYPzmpQjQRlc1-wYpELkw,Ci9DQUlRQUNvZENodHljRjlvT21kM1R6aDVXalZGUTNNd1l6ZDRjRlZKUkc1dlFVRRAB,4.0,"24小時～隨時能吃～太方便啦
老闆醬汁給得很大方哦～
湯也好喝
但～不是很便宜^o^這物價越來越高啦～",4.0,5.0,5.0
ChIJceaYPzmpQjQRlc1-wYpELkw,Ci9DQUlRQUNvZENodHljRjlvT2pSZlRERktSR3RQVEVGMWFWWlhTVzU0YWpGNlIyYxAB,1.0,"湯的料蠻少的 豆腐只撈到碎碎的幾小塊
也沒有看到任何柴魚片
蔥貴可以理解 但至少放一些吧 很單調
涼麵的麵體好像都放在外常溫下
後來吃了回去都肚子痛腹瀉",,,
ChIJceaYPzmpQjQRlc1-wYpELkw,Ci9DQUlRQUNvZENodHljRjlvT2tzMldIaGlRWFJwUm5GTWVXNVdOVVF6VkVkR1JIYxAB,1.0,一碗75塊的涼麵 在店裡吃想說這間的台式涼麵怎麼那麼特別酸酸的，結果拉肚子這種店是怎麼生存下去的…,1.0,1.0,1.0
ChIJceaYPzmpQjQRlc1-wYpELkw,Ci9DQUlRQUNvZENodHljRjlvT25Wb1MxQTRSMU5qT1VwU2NIRklUMnRPTnpsTVdsRRAB,1.0,吃完狂拉肚子 肚子超痛 衛生堪憂 千萬不要去吃,1.0,1.0,1.0
ChIJceaYPzmpQjQRlc1-wYpELkw,Ci9DQUlRQUNvZENodHljRjlvT2xsMmJEQTBMVFJ3YW1jelUxSkJjMHBFV0RWck1GRRAB,1.0,點了碗紫菜蛋花湯，喝到鋼絲菜瓜布的鐵絲…,,,
ChIJceaYPzmpQjQRlc1-wYpELkw,Ci9DQUlRQUNvZENodHljRjlvT2xReFdVSjJja1pCV1cxRlgyMW5ZakY2VUhGNFVFRRAB,5.0,,,,
ChIJceaYPzmpQjQRlc1-wYpELkw,ChZDSUhNMG9nS0VJQ0FnSURDNVkzTklBEAE,5.0,蘆洲24h涼麵，好吃。,5.0,5.0,5.0
ChIJceaYPzmpQjQRlc1-wYpELkw,Ci9DQUlRQUNvZENodHljRjlvT21GcmRGbFlTbEpEWm1kT1gzSnBiRGRxWm1kamJVRRAB,5.0,,,,
ChIJceaYPzmpQjQRlc1-wYpELkw,ChZDSUhNMG9nS0VJQ0FnSURqbk9xNk9nEAE,5.0,宵夜好去處,,,
ChIJceaYPzmpQjQRlc1-wYpELkw,Ci9DQUlRQUNvZENodHljRjlvT21OYVRIazFiVzU0V0dabk0zTktWbE5oTmpKa09WRRAB,1.0,吃完榨菜肉絲涼麵 連續拉兩天 你們味生有待加強,1.0,1.0,1.0
ChIJceaYPzmpQjQRlc1-wYpELkw,Ci9DQUlRQUNvZENodHljRjlvT2paNkxVRjJVbFZYYzFoMFZIcFBaMGR0Tlc5TU4xRRAB,2.0,現場吃不知道口感如何，但外送的涼麵真的很難吃，紫菜蛋花湯也很不行。,1.0,3.0,3.0
ChIJceaYPzmpQjQRlc1-wYpELkw,Ci9DQUlRQUNvZENodHljRjlvT2tRMWFWZHZZbDh6ZFhJd1QycFplWE54WkhOS1JVRRAB,1.0,"吃兩次拉兩次
不知道這店面怎麼生存的
加油👏",1.0,1.0,1.0
ChIJceaYPzmpQjQRlc1-wYpELkw,Ci9DQUlRQUNvZENodHljRjlvT200NFVHTmpRVzFKVTBoT1kzVmZZMUl4ZG1GbFkyYxAB,2.0,"涼麵 ….  這水平是怎麼生存到現在的？

麻醬完全沒味道，一點香氣都沒有

醬怎麼調配成這樣子的…..

3合一味增湯 倒是還蠻好喝",2.0,1.0,1.0
ChIJceaYPzmpQjQRlc1-wYpELkw,Ci9DQUlRQUNvZENodHljRjlvT2xsbGJtRmhORzVLU0VnellsWmxZelpuZG5CR2VYYxAB,4.0,每到夏天吃涼麵首選 火腿涼麵 三和一味噌湯真是絕配 扣一顆星是店裡冷氣不太涼 吃到流汗了 🥵 …,,,
ChIJceaYPzmpQjQRlc1-wYpELkw,ChZDSUhNMG9nS0VQekMxNzNHb05yR1B3EAE,3.0,我們點泰式酸辣是超辣的那種不吃辣的不要點，但我有吃辣的也覺得辣，辣到那種已經吃不出涼麵的美味。應該不會再去外帶。,3.0,4.0,4.0
ChIJceaYPzmpQjQRlc1-wYpELkw,ChdDSUhNMG9nS0VMMlE3NkRVM2NUX3hnRRAB,1.0,這個是特大嗎？回到家才發現，是不是有點縮水太誇張了,1.0,1.0,1.0
ChIJceaYPzmpQjQRlc1-wYpELkw,ChdDSUhNMG9nS0VPcV96ZnFscDdHYW1BRRAB,3.0,涼麵完全不行 個人口味不一樣 但是麵為什麼不是涼涼的是溫溫的…. 味增貢丸湯倒是很好喝,,,
ChIJceaYPzmpQjQRlc1-wYpELkw,ChdDSUhNMG9nS0VLVGMzNW1rdkxPa3pRRRAB,1.0,"叫Ubereats 備註都不看
一星都不想給",1.0,1.0,1.0
ChIJceaYPzmpQjQRlc1-wYpELkw,ChdDSUhNMG9nS0VJQ0FnSUN5c01fYTdBRRAB,1.0,"在店內用餐會聞到菸味 免費的哦😊

違停也是亂象 導致人行道沒辦法走

阿姨製作餐不戴口罩
口水跟加料都是免費添加的
短頭髮阿姨態度很差自己小心👀",1.0,1.0,1.0
ChIJceaYPzmpQjQRlc1-wYpELkw,ChZDSUhNMG9nS0VJQ0FnTURveTUzUUdBEAE,5.0,涼麵好吃，味噌湯好喝！,5.0,5.0,5.0
ChIJceaYPzmpQjQRlc1-wYpELkw,ChZDSUhNMG9nS0VJQ0FnTURvcmVUOFNBEAE,5.0,涼麵好吃！宵夜首選～東西又平價，店員又親切。店面又好找！24小時營業。值得推薦！👍👍👍,5.0,5.0,5.0
ChIJceaYPzmpQjQRlc1-wYpELkw,ChZDSUhNMG9nS0VJQ0FnTURvMWZLclF3EAE,5.0,真心覺得好吃 評價美味,5.0,5.0,5.0
ChIJceaYPzmpQjQRlc1-wYpELkw,ChdDSUhNMG9nS0VJQ0FnTURvMVpMTWhRRRAB,5.0,很好吃，評價美食,5.0,5.0,5.0
ChIJceaYPzmpQjQRlc1-wYpELkw,ChdDSUhNMG9nS0VJQ0FnTURvbGRfYXRnRRAB,5.0,好吃，是我的口袋名單之一。,5.0,5.0,5.0
ChIJceaYPzmpQjQRlc1-wYpELkw,ChdDSUhNMG9nS0VJQ0FnTURvbGVYSnNBRRAB,5.0,非常好吃！是我的口袋名單之一！讚👍,5.0,5.0,5.0
ChIJceaYPzmpQjQRlc1-wYpELkw,ChZDSUhNMG9nS0VJQ0FnTURvOHNUaERREAE,2.0,兩年後吃已經不行了，小涼麵跟大涼麵雞絲份量居然一樣，以前雞絲多到爆，現在根本是點綴而已。,1.0,,
ChIJceaYPzmpQjQRlc1-wYpELkw,ChdDSUhNMG9nS0VJQ0FnTURvNUw2WDBBRRAB,5.0,,5.0,5.0,5.0
ChIJceaYPzmpQjQRlc1-wYpELkw,ChZDSUhNMG9nS0VJQ0FnTUR3di1ub1hBEAE,5.0,東西好吃，環境整潔，24小時營業，半夜肚子餓的好去處！,5.0,5.0,5.0
ChIJceaYPzmpQjQRlc1-wYpELkw,ChZDSUhNMG9nS0VJQ0FnTUR3N1k2NkRREAE,1.0,吃個台式涼麵大、味增三合一、蔥蛋 這樣算我195元 我算一算才155 給兩百找5元多收40元 感覺很不好,,,
ChIJceaYPzmpQjQRlc1-wYpELkw,ChZDSUhNMG9nS0VJQ0FnTUN3NXRlQUhREAE,5.0,涼麵好吃！宵夜好選擇！,5.0,4.0,3.0
ChIJceaYPzmpQjQRlc1-wYpELkw,ChZDSUhNMG9nS0VJQ0FnTURRNzRISFJnEAE,5.0,,5.0,5.0,5.0
ChIJceaYPzmpQjQRlc1-wYpELkw,ChZDSUhNMG9nS0VJQ0FnTURRNzg2c0dnEAE,5.0,,5.0,5.0,5.0
ChIJceaYPzmpQjQRlc1-wYpELkw,ChZDSUhNMG9nS0VJQ0FnTURRN1k2UmVBEAE,5.0,好吃又便宜老闆又很客氣,5.0,5.0,5.0
ChIJceaYPzmpQjQRlc1-wYpELkw,ChdDSUhNMG9nS0VJQ0FnTURReGFPTnJBRRAB,5.0,麻將不會到很稠很乾，是濕潤的那種，搭配雞絲吃起來很清爽順口，味噌湯配上半熟蛋，涼麵店經典的味道😄,5.0,5.0,5.0
ChIJceaYPzmpQjQRlc1-wYpELkw,ChZDSUhNMG9nS0VJQ0FnTURReFkySGJREAE,5.0,三重宵夜沒什麼好選擇，但24小時營業，雞絲涼麵配上經典味噌湯+蛋+貢丸，不會太油膩太罪惡，好吃又能飽,5.0,5.0,5.0
ChIJceaYPzmpQjQRlc1-wYpELkw,ChZDSUhNMG9nS0VJQ0FnTURReGVYVElnEAE,5.0,涼麵份量適中，店內還有其他麵類，重點是24H小時都有營業，宵夜時的好選好選擇,5.0,5.0,5.0
ChIJceaYPzmpQjQRlc1-wYpELkw,ChdDSUhNMG9nS0VJQ0FnTURRd2JfUTFRRRAB,2.0,,,,
ChIJceaYPzmpQjQRlc1-wYpELkw,ChdDSUhNMG9nS0VJQ0FnTURRd1lPWHdnRRAB,1.0,此店家非常不衛生，吃麵吃到衛生紙整坨的，滑了一下其他評論還有人吃到蟑螂的，真的很噁心，非常不建議來這間用餐。,1.0,1.0,1.0
ChIJceaYPzmpQjQRlc1-wYpELkw,ChZDSUhNMG9nS0VJQ0FnTURRd2RuOFRBEAE,1.0,警告⚠️⚠️⚠️超級噁心，外送點了一碗榨菜肉絲麵，結果裡面盡然有衛生紙，而且是整坨的，打電話到店家去，沒問我的訂單編號，就直接否認說不是他們丟的，還說是不是外送員丟的，雖然外送員有過手，但不負責的說法，讓人非常氣憤，先不論衛生紙是否用過，即便是乾淨的都含有螢光劑又經過熱湯加熱產生有毒物質就夠讓人覺得噁心了，更不用說有人用過。看看照片，看似像高麗菜。奉勸各位要在這家店用餐及點餐請三思啊。,1.0,1.0,1.0
ChIJceaYPzmpQjQRlc1-wYpELkw,ChZDSUhNMG9nS0VJQ0FnTUNRN1lfSEx3EAE,5.0,,5.0,5.0,4.0
ChIJceaYPzmpQjQRlc1-wYpELkw,ChdDSUhNMG9nS0VJQ0FnTUNRbE9YUWpBRRAB,5.0,"24小時營業的
是我夜宵的首選
涼麵有四種尺寸可選，十分貼心
價格算是實惠",5.0,5.0,4.0
ChIJceaYPzmpQjQRlc1-wYpELkw,ChdDSUhNMG9nS0VJQ0FnTURnMGJ6OTZnRRAB,4.0,涼麵比中南部的好吃欸，我喜歡！,4.0,5.0,4.0
ChIJceaYPzmpQjQRlc1-wYpELkw,ChdDSUhNMG9nS0VJQ0FnTUNncjVHNHVnRRAB,5.0,"素食的，上面菜單沒有
老闆娘幫我用的台式涼麵
我個人覺得蠻好吃
雖然也滿足了
不過希望之後也有其他口味",5.0,5.0,5.0
ChIJceaYPzmpQjQRlc1-wYpELkw,ChZDSUhNMG9nS0VJQ0FnTUNnajdma1FREAE,5.0,,5.0,5.0,5.0
ChIJceaYPzmpQjQRlc1-wYpELkw,ChdDSUhNMG9nS0VJQ0FnTUNneHZubnBRRRAB,5.0,,,,
ChIJceaYPzmpQjQRlc1-wYpELkw,ChZDSUhNMG9nS0VJQ0FnSUNfeF96N1Z3EAE,1.0,難吃 環境待加強,,,
ChIJceaYPzmpQjQRlc1-wYpELkw,ChdDSUhNMG9nS0VJQ0FnSURmNTRHMHBBRRAB,5.0,,5.0,5.0,5.0
ChIJceaYPzmpQjQRlc1-wYpELkw,ChZDSUhNMG9nS0VJQ0FnSURmb3BuSEF3EAE,1.0,一打開 就來了個小強🪳⋯⋯⋯⋯,1.0,1.0,1.0
ChIJceaYPzmpQjQRlc1-wYpELkw,ChZDSUhNMG9nS0VJQ0FnSURmMHVDQ0xREAE,1.0,"衛生不好 吃得到蟑螂
阿姨很好沒有跟我算蟑螂涼麵的錢
但我不會再來吃了",,,
ChIJceaYPzmpQjQRlc1-wYpELkw,ChdDSUhNMG9nS0VJQ0FnSUNmaTh2d2tBRRAB,1.0,一位不明性別的中年人 （此人當天工作為煮湯煎蛋的 ） 路口就很小要過也不表示一下直接撞過來且一句道歉也沒有態度十分差勁 真的整間店就這位屬實有點可惜大打貴店的印象 另外櫃檯收錢的姊姊每次來雖然都面無表情但服務態度很好,3.0,1.0,1.0
ChIJceaYPzmpQjQRlc1-wYpELkw,ChdDSUhNMG9nS0VJQ0FnSUNmd2NuTTJ3RRAB,1.0,沒辦法接那麼多單就不要接，涼麵跟味增湯要等快一個小時太扯了吧,,,
ChIJceaYPzmpQjQRlc1-wYpELkw,ChdDSUhNMG9nS0VJQ0FnSUR2cTdTUmhnRRAB,4.0,,4.0,3.0,4.0
ChIJceaYPzmpQjQRlc1-wYpELkw,ChZDSUhNMG9nS0VJQ0FnSUN2dTgtcVRnEAE,5.0,,5.0,5.0,5.0
ChIJceaYPzmpQjQRlc1-wYpELkw,ChdDSUhNMG9nS0VJQ0FnSUN2M01uR3hRRRAB,5.0,特製辣椒+上傳統涼麵..很辣又好吃,5.0,5.0,5.0
ChIJceaYPzmpQjQRlc1-wYpELkw,ChZDSUhNMG9nS0VJQ0FnSURQdWZ1WVV3EAE,2.0,大概外送買五次有三次沒有加辣 是小氣還是故意不給懶得給？評價3.8也是有原因的 涼麵沒有辣椒不叫食物 整個就不爽吃了,4.0,1.0,
ChIJceaYPzmpQjQRlc1-wYpELkw,ChZDSUhNMG9nS0VJQ0FnSUNYcFltYmFREAE,5.0,,,,
ChIJceaYPzmpQjQRlc1-wYpELkw,ChdDSUhNMG9nS0VJQ0FnSURuakl2ZHN3RRAB,5.0,吃宵夜的好地方，       24小時營業,5.0,5.0,5.0
ChIJceaYPzmpQjQRlc1-wYpELkw,ChdDSUhNMG9nS0VJQ0FnSURIMzlIanB3RRAB,1.0,"味噌湯裡有一根鐵絲
衛生一定有很大的問題 糟糕至極
不推！！！",1.0,,
ChIJceaYPzmpQjQRlc1-wYpELkw,ChZDSUhNMG9nS0VJQ0FnSUNIM192VGJnEAE,1.0,,,,
ChIJceaYPzmpQjQRlc1-wYpELkw,ChZDSUhNMG9nS0VJQ0FnSUNINnN6VFRREAE,1.0,點完餐就在外面等外帶，餐點好了也不說一聲，過去問一下還大聲喊你要幹什麼，有沒有這麼臉盲啊，店裡每個人講話感覺是輸很多嗎？每個都在比臭的，買一次就不會再去了,1.0,1.0,1.0
ChIJceaYPzmpQjQRlc1-wYpELkw,ChdDSUhNMG9nS0VJQ0FnSUNILUlDWG1BRRAB,4.0,,,,
ChIJceaYPzmpQjQRlc1-wYpELkw,ChZDSUhNMG9nS0VJQ0FnSUQ3cTZ1blFBEAE,5.0,,,,
ChIJceaYPzmpQjQRlc1-wYpELkw,ChdDSUhNMG9nS0VJQ0FnSUM3OVl5UXZnRRAB,1.0,"涼麵好吃湯也好喝
但衛生真的有待加強…
雖然都是大嬸，但手指可以不要插在餐點裡面嗎🤓",4.0,1.0,1.0
ChIJceaYPzmpQjQRlc1-wYpELkw,ChZDSUhNMG9nS0VJQ0FnSURiN3NPTUZREAE,1.0,"進來點好餐寫了桌號，不曉得是吃完再付，所以弟弟拿菜單去點，也順便結帳，
結果等了至少十分鐘以上，都沒有來，櫃檯點餐小姐說沒收到單子，也沒收到款項。第一次吃東西還要被誣賴沒付錢，忙又不是客人的問題，有問題店裡都有監視器可以看啊，吃個涼麵火氣都上來了。

涼麵跟湯都不錯，但不會再來吃了",4.0,1.0,1.0
ChIJceaYPzmpQjQRlc1-wYpELkw,ChdDSUhNMG9nS0VJQ0FnSURidXNpNS1BRRAB,1.0,點了幾次每次麻醬涼麵都忘了給麻醬！如果容易遺漏就請修改自己的出餐流程，不止一次了,1.0,1.0,1.0
ChIJceaYPzmpQjQRlc1-wYpELkw,ChZDSUhNMG9nS0VJQ0FnSURiMktxMUtBEAE,1.0,"態度有夠差 半夜3點沒半個客人，點餐站櫃檯沒人理我
明明店裡就有兩個人，正常服務業不是有客人就應該過來接待嗎？
還是說我應該等他們忙完我在來

總之我等2分鐘沒人理我我就離開了",1.0,1.0,1.0
ChIJceaYPzmpQjQRlc1-wYpELkw,ChdDSUhNMG9nS0VJQ0FnSUNiNGNxYXN3RRAB,1.0,點了外送，備餐速度很快，但食物的品質不能說很好，只能說毫無可取之處，豬頭皮加熱後放在塑膠盒內，外圍用保鮮膜包著，但一拉開保鮮膜後整手都是油，皮蛋豆腐沒醬油膏，味噌貢丸湯不做評價只能說口味不合，麵吃起來甚至有股奇異的怪味，吃飽後沒兩小時就直接左轉廁所烙賽了，整體來說非常差勁,1.0,,
ChIJceaYPzmpQjQRlc1-wYpELkw,ChdDSUhNMG9nS0VJQ0FnSUNycE5pNmdBRRAB,3.0,沒喝過這麽油的紫菜湯,,,
ChIJceaYPzmpQjQRlc1-wYpELkw,ChZDSUhNMG9nS0VJQ0FnSUQ0MW9QSVRBEAE,5.0,謝謝🙏水水給我們的肯定！ …,,,
ChIJceaYPzmpQjQRlc1-wYpELkw,ChdDSUhNMG9nS0VJQ0FnSURMczh1Xy1nRRAB,5.0,涼麵好吃，辣醬真的辣，湯麵也好吃,5.0,5.0,3.0
ChIJceaYPzmpQjQRlc1-wYpELkw,ChZDSUhNMG9nS0VJQ0FnSURMbzZpZFhnEAE,4.0,,4.0,4.0,4.0
ChIJceaYPzmpQjQRlc1-wYpELkw,ChdDSUhNMG9nS0VJQ0FnSUNMX19tZmlBRRAB,1.0,服務態度不佳 少給東西也用下次購買再補解決問題 餐點量也很少 不推薦吃的一家店,1.0,1.0,1.0
ChIJceaYPzmpQjQRlc1-wYpELkw,ChdDSUhNMG9nS0VJQ0FnSUNMcjdibi13RRAB,1.0,麵條不是普通的難吃,1.0,,
ChIJceaYPzmpQjQRlc1-wYpELkw,ChdDSUhNMG9nS0VJQ0FnSUNMeC1la3VBRRAB,5.0,,5.0,5.0,5.0
ChIJceaYPzmpQjQRlc1-wYpELkw,ChZDSUhNMG9nS0VJQ0FnSUNMcXNiSUp3EAE,4.0,24小時營業真的很辛苦，早上來吃了台式榨菜涼麵，麵條不算Q彈口感，麻醬很濃很濃，有醋味的那種，我自己是覺得比較酸一點，辣油蠻有辣度，品項選擇蠻多，比一般涼麵店豐富很多,4.0,3.0,3.0
ChIJceaYPzmpQjQRlc1-wYpELkw,ChdDSUhNMG9nS0VJQ0FnSUNMLU1HcC1nRRAB,2.0,"昨天半夜睡不著 去許多用餐
把我嚇壞了 店員生財器具用摔的  一堆客人在等待 確不顧客人感受  有損店的形象 請老闆注意員工態度 二顆星全部給餐點很好吃  服務態度真的需要加強🙏",5.0,1.0,1.0
ChIJceaYPzmpQjQRlc1-wYpELkw,ChZDSUhNMG9nS0VJQ0FnSUR6ck9ub093EAE,4.0,,,,
ChIJceaYPzmpQjQRlc1-wYpELkw,ChZDSUhNMG9nS0VJQ0FnSUN6dl9qc2VREAE,5.0,泰式雞絲涼麵很好吃，味增貢丸綜合湯很好喝，湯裡的蛋很綿密，很好喝，會想多來幾次的店。,5.0,4.0,2.0
ChIJceaYPzmpQjQRlc1-wYpELkw,ChdDSUhNMG9nS0VJQ0FnSUN6Z0tHcXp3RRAB,1.0,誇張的店家晚上10點20分叫餐到12點45分完全沒消息連店家電話也完全打不進去就像消失一樣,1.0,1.0,1.0
ChIJceaYPzmpQjQRlc1-wYpELkw,ChZDSUhNMG9nS0VJQ0FnSUNkejlhWGZBEAE,2.0,很常做錯餐，雞絲涼麵沒有雞絲，每次我都會注意打開來看，常常出包。太常出包，覺得是故意的。,5.0,2.0,2.0
ChIJceaYPzmpQjQRlc1-wYpELkw,ChZDSUhNMG9nS0VJQ0FnSURUanI2d05BEAE,5.0,"湯跟涼麵很好吃 但醬蒜味太濃本人不喜歡
但辣油超級辣
請斟酌享用",5.0,5.0,5.0
ChIJceaYPzmpQjQRlc1-wYpELkw,ChZDSUhNMG9nS0VJQ0FnSUNUMjdDeEhBEAE,2.0,"外帶了味噌什錦湯麵 卻甚麼料都沒有??(只有一顆蛋)
這樣一碗要$95 ?! 會不會太誇張",,,
ChIJceaYPzmpQjQRlc1-wYpELkw,ChdDSUhNMG9nS0VJQ0FnSURqNXU3Q2d3RRAB,4.0,喝完酒來碗3合一加小麻醬再繞兩圈哇沙米舒服,5.0,5.0,4.0
ChIJceaYPzmpQjQRlc1-wYpELkw,ChZDSUhNMG9nS0VJQ0FnSURqMHZfRlZREAE,4.0,麵條口感個人覺得偏硬，不是Q彈。味增湯三合一，很好喝！,4.0,5.0,5.0
ChIJceaYPzmpQjQRlc1-wYpELkw,ChZDSUhNMG9nS0VJQ0FnSUNqcjhtcFBnEAE,5.0,阿春涼麵，有芥末特殊口味，無時不刻都在排隊！,5.0,5.0,5.0
ChIJceaYPzmpQjQRlc1-wYpELkw,ChZDSUhNMG9nS0VJQ0FnSUNqb0xXWllnEAE,5.0,"看到很多人在吃才進來的

出餐速度快

麵、湯都很大碗

很好吃😋

深夜食堂首選",5.0,5.0,5.0
ChIJceaYPzmpQjQRlc1-wYpELkw,ChZDSUhNMG9nS0VJQ0FnSUREZ0xpMER3EAE,3.0,,3.0,3.0,3.0
ChIJceaYPzmpQjQRlc1-wYpELkw,ChdDSUhNMG9nS0VJQ0FnSUNEalB2Z2pBRRAB,5.0,,5.0,,
ChIJceaYPzmpQjQRlc1-wYpELkw,ChdDSUhNMG9nS0VJQ0FnSUQ5cjdQNzhBRRAB,4.0,,4.0,4.0,4.0
ChIJceaYPzmpQjQRlc1-wYpELkw,ChZDSUhNMG9nS0VJQ0FnSUQ5aElidVlBEAE,1.0,"我常常叫這家餐點，今天太誇張了！
外送點了干絲，送來發現異常的少就算了，
而且都碎掉了沒有完整的，
一打開保鮮膜一股惡臭，竟然是壞掉的？
餐點品質須加強，打電話反應只會說對不起，
下次再補一盒，我問如何補，
店家說下次下訂備注我就會補一盒了
看起來很常犯這種錯，根本慣犯==
聞到惡臭味整份倒掉都不敢吃了🤮🤮🤮",1.0,1.0,1.0
ChIJceaYPzmpQjQRlc1-wYpELkw,ChZDSUhNMG9nS0VJQ0FnSUM5LUphYktBEAE,3.0,"⭐️24小時 ⭐️宵夜湯

半夜沒東西吃才來
💰低價位 <1人/45~100$ >
🧛‍♀️整體3/餐點3/環境4/服務2

涼麵有三種口味：麻將、泰式、日式。
整體而言堪吃，但不美味。
泰式比較雷，完全不搭，麻醬和日式尚可。

湯的表現中規中矩，對我而言太鹹了！
不過熱度恰到好處，仙草茶也還可以！

店內環節乾淨，是很大優點～～～！

💡個人建議：絕不能帶剛認識的對象來此用餐",3.0,2.0,4.0
ChIJceaYPzmpQjQRlc1-wYpELkw,ChdDSUhNMG9nS0VJQ0FnSUM5c0xmMDNBRRAB,3.0,許多涼麵位於新北市蘆洲區中山一路119號，這裡是大馬路紅綠燈，交通量非常大，請大家來的時候注意安全，有麻醬麵，和風涼麵，雞絲和火腿，喜歡吃辣一點就點泰式酸辣，有味增湯和紫菜湯都可加貢丸，小菜有豬耳朵，皮蛋豆腐，泡菜，豆干，滷蛋等，飲料冬瓜茶，紅茶，用餐完後還可到得勝街（蘆洲夜市）逛街，有滷味，香酥雞，李媽媽炒飯，豬血糕，大腸包小腸，壽司，雞蛋糕，臭豆腐鍋，排骨酥，天天旺切仔麵，碳烤雞排，米粉湯，北投紅茶，手工芋圓，牛排，珍珠奶茶，日船章魚燒，手工雞捲等超多美食，各位來就祝您用餐愉快😅😅😅,3.0,3.0,3.0
ChIJceaYPzmpQjQRlc1-wYpELkw,ChdDSUhNMG9nS0VJQ0FnSURkcVBLWXRnRRAB,5.0,好好吃歐,,,
ChIJceaYPzmpQjQRlc1-wYpELkw,ChdDSUhNMG9nS0VJQ0FnSUNkNE9ueDlRRRAB,3.0,"泰式好吃，但常常點了泰式，他們會給你麻醬的，反應很多次。填寫菜單也是一樣會給錯。買六次給錯四次。差勁！麻醬真的不好吃！(今天晚上是晚班11:00的男員工給的)

(更新回覆)感謝你的回覆，但我以前沒強調過""不要麻醬的泰式""，風味就不錯。他給的真的只有麻醬味，沒有酸，沒有辣。
我是每次回蘆洲老家會去買的客人，但每次外帶回桃園後的心情……真的很糟！",3.0,1.0,3.0
ChIJceaYPzmpQjQRlc1-wYpELkw,ChdDSUhNMG9nS0VJQ0FnSUROenBySm9nRRAB,5.0,謝謝您給予五顆星的支持與惠顧,,,
ChIJceaYPzmpQjQRlc1-wYpELkw,ChdDSUhNMG9nS0VJQ0FnSUNOdFlqV3hBRRAB,5.0,親愛的客人感謝您給五顆星的支持與鼓勵。謝謝🙏 …,,,
ChIJceaYPzmpQjQRlc1-wYpELkw,ChdDSUhNMG9nS0VJQ0FnSUMxMmZxNzJnRRAB,5.0,親愛的客戶感謝您給五顆星的支持與鼓勵，我們會繼續努力。謝謝🙏 …,5.0,5.0,5.0
ChIJceaYPzmpQjQRlc1-wYpELkw,ChZDSUhNMG9nS0VJQ0FnSUN1dUliR2RBEAE,3.0,,3.0,3.0,
ChIJceaYPzmpQjQRlc1-wYpELkw,ChdDSUhNMG9nS0VJQ0FnSURWc1k2em9nRRAB,5.0,,,,
ChIJceaYPzmpQjQRlc1-wYpELkw,ChdDSUhNMG9nS0VJQ0FnSURWM3FHbHZ3RRAB,5.0,半夜宵夜的好去處,5.0,4.0,4.0
ChIJceaYPzmpQjQRlc1-wYpELkw,ChdDSUhNMG9nS0VJQ0FnSUNWNWVqZTRnRRAB,4.0,,,,
ChIJceaYPzmpQjQRlc1-wYpELkw,ChZDSUhNMG9nS0VJQ0FnSURGal9xQ2ZnEAE,3.0,用餐環境有點髒，還有小強在爬,3.0,3.0,1.0
ChIJceaYPzmpQjQRlc1-wYpELkw,ChdDSUhNMG9nS0VJQ0FnSURGaUs2dGdBRRAB,5.0,,5.0,5.0,5.0
ChIJceaYPzmpQjQRlc1-wYpELkw,ChdDSUhNMG9nS0VJQ0FnSUNGODRyNGlRRRAB,5.0,,5.0,4.0,4.0
ChIJceaYPzmpQjQRlc1-wYpELkw,ChZDSUhNMG9nS0VJQ0FnSUNGX2JIV0J3EAE,4.0,,3.0,3.0,3.0
ChIJceaYPzmpQjQRlc1-wYpELkw,ChdDSUhNMG9nS0VJQ0FnSUQ1a3ZMTnd3RRAB,2.0,我今天點了兩份台式麻醬涼麵、紫菜貢丸蛋花湯和皮蛋豆腐，結果我拿回家準備要吃，結果呢，涼麵沒付麻醬，我要怎麼吃？還吃的下去嗎？,3.0,3.0,3.0
ChIJceaYPzmpQjQRlc1-wYpELkw,ChdDSUhNMG9nS0VJQ0FnSUQ1aUpyVjB3RRAB,5.0,便宜好吃  有許多種類,5.0,4.0,2.0
ChIJceaYPzmpQjQRlc1-wYpELkw,ChdDSUhNMG9nS0VJQ0FnSURaajVYaV9nRRAB,1.0,點外送少送一份就算了 我第一次吃涼麵吃到醬這麼水的還很酸== 如果半夜這種品質建議休息,,,
ChIJceaYPzmpQjQRlc1-wYpELkw,ChZDSUhNMG9nS0VJQ0FnSURabmZEX01BEAE,5.0,"從隔壁串烤吃來這邊涼麵
內用涼爽 出餐快 現金支付
生意超好 服務人情味",5.0,5.0,5.0
ChIJceaYPzmpQjQRlc1-wYpELkw,ChdDSUhNMG9nS0VJQ0FnSURacnNUZi1BRRAB,1.0,湯用紙碗裝，外帶回家全流出來,,,
ChIJceaYPzmpQjQRlc1-wYpELkw,ChZDSUhNMG9nS0VJQ0FnSURaM05fNVZ3EAE,1.0,店員態度很差，講話沒人要理，一句話要重複三次，小的涼麵跟大的涼麵醬汁是一樣多的，多一點醬汁還要+30塊，餐點只會先給外送員，到店外帶的客人都要等。,2.0,1.0,1.0
ChIJceaYPzmpQjQRlc1-wYpELkw,ChZDSUhNMG9nS0VJQ0FnSURaME9hTkN3EAE,5.0,"宵夜的好選擇
24小時營業 偶爾半夜到附近會來吃
最喜歡他的台式涼麵 雖然麵本身很常溫
但是搭上黃瓜絲和麻醬 吃起來味道很香
味噌湯加蛋也很好吃
蛋是散蛋的 加點蔥花 喝起來很濃郁
女生一盤麵+湯就有滿滿的飽足感",5.0,4.0,3.0
ChIJceaYPzmpQjQRlc1-wYpELkw,ChdDSUhNMG9nS0VJQ0FnSUNacllQdHVRRRAB,5.0,麻醬涼麵加哇莎米跟味增湯滿不錯，常常點外送，但希望小菜可以多多加強,5.0,5.0,5.0
ChIJceaYPzmpQjQRlc1-wYpELkw,ChZDSUhNMG9nS0VJQ0FnSURwb2NuWk13EAE,5.0,24小時很方便，想吃就吃，涼麵有不同口味，也有湯麵可以選，我都覺得很好吃，辣椒夠辣請小心服用，店員很親切可愛，難怪很晚了都還是有一堆客人去吃，環境也很乾淨，冷氣再開強一點就更完美了,5.0,5.0,5.0
ChIJceaYPzmpQjQRlc1-wYpELkw,ChdDSUhNMG9nS0VJQ0FnSURwM3ZhQTZRRRAB,5.0,好吃 感恩在這晚上有很好吃的涼麵、乾絲、皮蛋豆腐、涼麵、三合一湯，超好吃🥰,5.0,5.0,5.0
ChIJceaYPzmpQjQRlc1-wYpELkw,ChdDSUhNMG9nS0VJQ0FnSURwM3RhWWtnRRAB,5.0,好吃的不得了，鼓掌👏,5.0,5.0,5.0
ChIJceaYPzmpQjQRlc1-wYpELkw,ChdDSUhNMG9nS0VJQ0FnSURwNUl6MHhBRRAB,1.0,"服務有夠差………臉臭得要命
不良的不涼涼麵",1.0,1.0,1.0
ChIJceaYPzmpQjQRlc1-wYpELkw,ChZDSUhNMG9nS0VJQ0FnSUNwZzZyU0tnEAE,1.0,"如其他評論所述，台式涼麵的醬汁味道不佳，明顯有酸味，吃完後也會馬上拉肚子，試了兩次皆有此情況，醬汁的食品安全令人質疑，大家在考慮食用請三思，如果是要清腸胃的，大力推薦👍👍👍

更新：評論裡表示醬汁有問題以及食用後拉肚子的也不是少數，低評分不會沒有原因的，當然店家認為自己的醬汁沒問題，顧客也沒辦法多說什麼，大家捫心自問吧！",1.0,1.0,1.0
ChIJceaYPzmpQjQRlc1-wYpELkw,ChdDSUhNMG9nS0VJQ0FnSUNwb3V5V2tRRRAB,3.0,,,,
ChIJceaYPzmpQjQRlc1-wYpELkw,ChdDSUhNMG9nS0VJQ0FnSUNwakxmZm1BRRAB,4.0,好吃,4.0,3.0,3.0
ChIJceaYPzmpQjQRlc1-wYpELkw,ChZDSUhNMG9nS0VJQ0FnSUNwMU9mUFZ3EAE,4.0,炎炎夏日能用上涼麵是很幸福的事。若想吹冷氣請往店後面坐。有點菜單，選擇很多。涼麵麵條偏細，大食量的有大份可選。環境也算乾淨。,4.0,4.0,4.0
ChIJceaYPzmpQjQRlc1-wYpELkw,ChZDSUhNMG9nS0VJQ0FnSUNwcUsyQVdBEAE,5.0,,,,
ChIJceaYPzmpQjQRlc1-wYpELkw,ChdDSUhNMG9nS0VJQ0FnSURKcmNMczNnRRAB,5.0,台式涼麵大份醬很多，味道中規中矩，三合一不錯喝湯頭濃郁貢丸好吃,5.0,5.0,5.0
ChIJceaYPzmpQjQRlc1-wYpELkw,ChZDSUhNMG9nS0VJQ0FnSURKdkl2MUdBEAE,4.0,便宜大碗,,,
ChIJceaYPzmpQjQRlc1-wYpELkw,ChdDSUhNMG9nS0VJQ0FnSUNKbWFmUS1nRRAB,5.0,,,,
ChIJceaYPzmpQjQRlc1-wYpELkw,ChZDSUhNMG9nS0VJQ0FnSUNKcWRPOFJBEAE,3.0,,,,
ChIJceaYPzmpQjQRlc1-wYpELkw,ChZDSUhNMG9nS0VJQ0FnSUNKenFtU0JnEAE,3.0,涼麵普通小的很少 65，味增什錦麵$95有意麵油麵可以選，但裡面火鍋料很少 還切半的那種！ 有一顆蛋 但整體好貴,2.0,4.0,4.0
ChIJceaYPzmpQjQRlc1-wYpELkw,ChdDSUhNMG9nS0VJQ0FnSUNSOExlbHh3RRAB,1.0,外帶，客人只有我一位，點雞絲涼麵，結果到家打開沒有雞絲，只有涼麵，然後醬料包還是破的外漏,3.0,1.0,1.0
ChIJceaYPzmpQjQRlc1-wYpELkw,ChdDSUhNMG9nS0VJQ0FnSUNKNHBMNDFRRRAB,5.0,在草地涼麵之後，我覺得外送最好吃的涼麵就屬這家了☺️半夜餓肚子的良伴阿🥺👍,5.0,5.0,5.0
ChIJceaYPzmpQjQRlc1-wYpELkw,ChZDSUhNMG9nS0VJQ0FnSUNKek1XU0R3EAE,4.0,一家不管是颳風下雨都會為您敞開的涼麵店，cp值還行，但能自定義口味，雖然大部分的菜單圍繞的中心是涼麵，但依舊還是湯麵之類的選擇，小菜都清一色的價格，基本可以一份麵加一堆小菜就可以解決一餐。,4.0,3.0,3.0
ChIJceaYPzmpQjQRlc1-wYpELkw,ChdDSUhNMG9nS0VJQ0FnSUR4aDkyZ3lBRRAB,1.0,想辣死我484？,3.0,4.0,2.0
ChIJceaYPzmpQjQRlc1-wYpELkw,ChdDSUhNMG9nS0VJQ0FnSUR4M2F2VG5BRRAB,1.0,越做越難吃，昨天跟三個朋友一起吃，結果大家都拉肚子，涼麵還熱熱的，請問一下我是在吃加熱過的涼麵嗎？真的有點誇張，東西感覺都不新鮮啊⋯⋯,1.0,1.0,
ChIJceaYPzmpQjQRlc1-wYpELkw,ChZDSUhNMG9nS0VJQ0FnSUR4cmZlRVNREAE,5.0,,5.0,5.0,5.0
ChIJceaYPzmpQjQRlc1-wYpELkw,ChZDSUhNMG9nS0VJQ0FnSUR4cWMySVJ3EAE,5.0,她家涼麵好好吃，有台式麻醬、泰式酸辣醬、日式和風醬，超好吃。,,,
ChIJceaYPzmpQjQRlc1-wYpELkw,ChZDSUhNMG9nS0VJQ0FnSUR4c1pfQk1nEAE,5.0,,,,
ChIJceaYPzmpQjQRlc1-wYpELkw,ChRDSUhNMG9nS0VJQ0FnSUR4a2FKQhAB,1.0,涼麵已經是很難踩雷的食物了點了皮蛋豆腐卻沒有醬油膏 黃金泡菜 一點泡菜口感都沒有… 和風涼麵 這口感也很差 一點涼麵Q彈爽口的口感都沒有,1.0,1.0,
ChIJceaYPzmpQjQRlc1-wYpELkw,ChdDSUhNMG9nS0VJQ0FnSUR4am96U2hnRRAB,5.0,,5.0,5.0,5.0
ChIJceaYPzmpQjQRlc1-wYpELkw,ChdDSUhNMG9nS0VJQ0FnSUR4MXREOXVnRRAB,1.0,"吃完肚子痛到不行
大概吃完30分鐘就有感覺
便秘的話可以考慮考慮
腸胃直接清的乾乾淨淨",1.0,,
ChIJceaYPzmpQjQRlc1-wYpELkw,ChdDSUhNMG9nS0VJQ0FnSUR4cXBmQzhnRRAB,1.0,天氣這麼熱 麵都放在外面曬到要變熱的了 吃完一直拉肚子 我現在就坐在馬桶上打這一串,,,
ChIJceaYPzmpQjQRlc1-wYpELkw,ChZDSUhNMG9nS0VJQ0FnSUR4ckp6bkNnEAE,5.0,"今日請外送協助送餐，第一次吃許家涼麵，因不知份量的多寡，所以叫了小份與大份，大份的量對我們來說真的很多，但因為好吃唰嘴全家都全部吃完，雖然很撐但是真的好吃，今日點日式，泰式，麻醬
都好吃，下次還會繼續光顧😊😊😊",5.0,5.0,
ChIJceaYPzmpQjQRlc1-wYpELkw,ChZDSUhNMG9nS0VJQ0FnSURpNmNUOVV3EAE,4.0,24小時營業，宵夜好夥伴，價格實惠,4.0,4.0,3.0
ChIJceaYPzmpQjQRlc1-wYpELkw,ChdDSUhNMG9nS0VJQ0FnSUN4dzRLSm53RRAB,5.0,這家許多涼麵是一間評價很好的宵夜麵Q彈爽口醬又有自己獨特的味道在配上他的辣椒又香又好吃,,,
ChIJceaYPzmpQjQRlc1-wYpELkw,ChdDSUhNMG9nS0VJQ0FnSUN4bVpqbzdBRRAB,4.0,,,,
ChIJceaYPzmpQjQRlc1-wYpELkw,ChZDSUhNMG9nS0VJQ0FnSUN4bnBhbmRBEAE,4.0,,,,
ChIJceaYPzmpQjQRlc1-wYpELkw,ChdDSUhNMG9nS0VJQ0FnSUN4N3NTcDVRRRAB,4.0,"📍涼麵很好吃，有加醋吃起來很清爽
📍 三合一味增湯也不錯
📍 煙燻豬頭皮如果有蔥花更棒
📍 店員服務態度很好啊，可能之前說服務態度不好的員工離職了
📍 唯一缺點就是店內沒開空調好悶熱

📝 值得回去再吃的涼麵店",,,
ChIJceaYPzmpQjQRlc1-wYpELkw,ChZDSUhNMG9nS0VJQ0FnSUN4b3BiWUZBEAE,5.0,"2023/5/14
涼麵醬香濃郁，桌上的辣椒有夠辣，吃來十分爽快。
生意很好，24小時營業，隨時能吃。",5.0,4.0,4.0
ChIJceaYPzmpQjQRlc1-wYpELkw,ChZDSUhNMG9nS0VJQ0FnSURCa2NiclhBEAE,4.0,,4.0,4.0,4.0
ChIJceaYPzmpQjQRlc1-wYpELkw,ChdDSUhNMG9nS0VJQ0FnSURSaDQyYXRRRRAB,1.0,爛到透頂，點外送缺東缺西，打電話去幹也搞不清楚狀況，一直把我搞成別張單，最後直接叫我退單，破店,,,
ChIJceaYPzmpQjQRlc1-wYpELkw,ChdDSUhNMG9nS0VJQ0FnSURSazY3QzlRRRAB,1.0,連續兩次我從UberEats點餐都沒附上辣椒跟芥末 要這樣我直接買7-11的涼麵就好,,,
ChIJceaYPzmpQjQRlc1-wYpELkw,ChdDSUhNMG9nS0VJQ0FnSURSbGE3ODJnRRAB,3.0,,,,
ChIJceaYPzmpQjQRlc1-wYpELkw,ChdDSUhNMG9nS0VJQ0FnSURSb2REeWdRRRAB,5.0,好吃！出餐快速,,,
ChIJceaYPzmpQjQRlc1-wYpELkw,ChZDSUhNMG9nS0VJQ0FnSURSclBHWll3EAE,5.0,"好好吃～還特別幫我加熱湯
🙏謝謝 …",,,
ChIJceaYPzmpQjQRlc1-wYpELkw,ChdDSUhNMG9nS0VJQ0FnSURSNUpTQXd3RRAB,4.0,,3.0,3.0,3.0
ChIJceaYPzmpQjQRlc1-wYpELkw,ChdDSUhNMG9nS0VJQ0FnSUNSMTdlOWtBRRAB,5.0,,,,
ChIJceaYPzmpQjQRlc1-wYpELkw,ChZDSUhNMG9nS0VJQ0FnSUNSamRTc0VnEAE,1.0,,,,
ChIJceaYPzmpQjQRlc1-wYpELkw,ChZDSUhNMG9nS0VJQ0FnSUNSamVEZExREAE,1.0,有一個男生態度真的差，好像欠錢，評論一點也不浮誇！,,,
ChIJceaYPzmpQjQRlc1-wYpELkw,ChZDSUhNMG9nS0VJQ0FnSUNSbWEtc2J3EAE,5.0,"外送或外帶的績效我不知道，但至少每次到店吃總沒有失望過。口味完全可以自己調。
看了評論發現有的差評應該不會發生，希望不是同業相忌。
總之，希望　「許多涼麵」能維持水準，以不辜負我的支持。
現場吃，給你們滿分！

許久不見夏日涼，
多吃涼麵消暑瘋。
涼爽口感宜長夜，
麵條清涼入心中。",,,
ChIJceaYPzmpQjQRlc1-wYpELkw,ChZDSUhNMG9nS0VJQ0FnSUNSZ1puMkN3EAE,5.0,東西還可以 重點來了 今天我點了熊貓外送 結果來的時候 涼麵沒有醬 我就打給店家 結果店家二話不說 直接送過來 還多送了一杯飲料 真的超讚的 通常有大部分店家遇到這樣的問題 可能都選擇退款 或 不理 許多涼麵處理的方式真的大讚 也不是因為少一樣東西 就要他們送來 如果今天換作是別的小菜還是什麼的就沒關係 但是涼麵沒有醬🥲這……無法接受🤣 只好麻煩店家 還好店家人也很好 加油👍🏻,,,
ChIJceaYPzmpQjQRlc1-wYpELkw,ChZDSUhNMG9nS0VJQ0FnSUNSX0s3VU93EAE,4.0,,3.0,4.0,3.0
ChIJceaYPzmpQjQRlc1-wYpELkw,ChZDSUhNMG9nS0VJQ0FnSUNSdEpDdExBEAE,4.0,不錯吃,,,
ChIJceaYPzmpQjQRlc1-wYpELkw,ChdDSUhNMG9nS0VJQ0FnSUNSMEpXT19nRRAB,5.0,好好吃🥹🥹 …,,,
ChIJceaYPzmpQjQRlc1-wYpELkw,ChdDSUhNMG9nS0VJQ0FnSURoM18taHFBRRAB,5.0,味增湯和涼麵都很好吃 辣椒也夠辣 最棒的是24小時營業 讓半夜肚子餓的我 吃的很滿足 謝謝老闆！,,,
ChIJceaYPzmpQjQRlc1-wYpELkw,ChdDSUhNMG9nS0VJQ0FnSURoejhERm1BRRAB,3.0,,,,
ChIJceaYPzmpQjQRlc1-wYpELkw,ChZDSUhNMG9nS0VJQ0FnSURoc1p1eUlBEAE,4.0,吃這麼多涼麵，真的，涼麵口感還蠻好吃，,,,
ChIJceaYPzmpQjQRlc1-wYpELkw,ChZDSUhNMG9nS0VJQ0FnSURoM3N2RFlBEAE,5.0,台式涼麵配味增湯還不錯！,,,
ChIJceaYPzmpQjQRlc1-wYpELkw,ChZDSUhNMG9nS0VJQ0FnSURoc3NybEJ3EAE,5.0,簡單好吃的美味，涼麵有三種口味，台日泰各有不同風情都好吃，配一碗味噌湯更棒，而且開24hr，真的很佛心。,5.0,4.0,4.0
ChIJceaYPzmpQjQRlc1-wYpELkw,ChdDSUhNMG9nS0VJQ0FnSUNobjV2bzNnRRAB,1.0,黃金泡菜一坨一坨的油結塊 味道一吃就是過期的味道 一股油耗味 比我五天不洗頭的味道還噁,,,
ChIJceaYPzmpQjQRlc1-wYpELkw,ChZDSUhNMG9nS0VJQ0FnSUNocTZERlh3EAE,3.0,,,,
ChIJceaYPzmpQjQRlc1-wYpELkw,ChZDSUhNMG9nS0VJQ0FnSUNobFlLQ2VnEAE,5.0,味道還不錯，消夜的好物,,,
ChIJceaYPzmpQjQRlc1-wYpELkw,ChdDSUhNMG9nS0VJQ0FnSUNoLU1MOWhBRRAB,5.0,目前吃過最好吃的涼麵,5.0,5.0,5.0
ChIJceaYPzmpQjQRlc1-wYpELkw,ChZDSUhNMG9nS0VJQ0FnSURCaFozWU5nEAE,1.0,叫外送 來的台式涼麵是酸的 搞的我現在一直拉肚子 現在拉兩天了👎,,,
ChIJceaYPzmpQjQRlc1-wYpELkw,ChZDSUhNMG9nS0VJQ0FnSURCMGNxeURnEAE,5.0,原本看評論還有點擔心的說，但是收到外送還不錯吃，而且很細心的有用保鮮膜包住盒子防止小菜湯汁外露！光是這點就很優秀了！,,,
ChIJceaYPzmpQjQRlc1-wYpELkw,ChZDSUhNMG9nS0VJQ0FnSURCX3NYakt3EAE,5.0,食物味道還不錯,5.0,5.0,5.0
ChIJceaYPzmpQjQRlc1-wYpELkw,ChdDSUhNMG9nS0VJQ0FnSURXb3VfTnpRRRAB,5.0,謝謝🙏您給我們5顆星的肯定，感恩不盡 …,5.0,5.0,4.0
ChIJceaYPzmpQjQRlc1-wYpELkw,ChZDSUhNMG9nS0VJQ0FnSURCMkxTb1NBEAE,5.0,三更半夜飽餐一頓的好地方，百來元搞定,5.0,5.0,5.0
ChIJceaYPzmpQjQRlc1-wYpELkw,ChZDSUhNMG9nS0VJQ0FnSURHazlHWUhnEAE,4.0,謝謝您的肯定與支持,4.0,2.0,2.0
ChIJceaYPzmpQjQRlc1-wYpELkw,ChdDSUhNMG9nS0VJQ0FnSUQtajhqdjd3RRAB,2.0,大份 小份的為什麼醬料都給一樣的量,,,
ChIJceaYPzmpQjQRlc1-wYpELkw,ChdDSUhNMG9nS0VJQ0FnSUQtbmNmcDdRRRAB,3.0,,3.0,2.0,3.0
ChIJceaYPzmpQjQRlc1-wYpELkw,ChdDSUhNMG9nS0VJQ0FnSUQta1lDMnFnRRAB,5.0,好吃不囉嗦,5.0,5.0,5.0
ChIJceaYPzmpQjQRlc1-wYpELkw,ChZDSUhNMG9nS0VJQ0FnSUQtM3VPaUFREAE,1.0,態度不佳主要，環境不潔其次，口味不好更是。,,,
ChIJceaYPzmpQjQRlc1-wYpELkw,ChdDSUhNMG9nS0VJQ0FnSUQtbnNDZS1BRRAB,3.0,,3.0,3.0,2.0
ChIJceaYPzmpQjQRlc1-wYpELkw,ChdDSUhNMG9nS0VJQ0FnSUQtMU1UYm5RRRAB,5.0,,,,
ChIJceaYPzmpQjQRlc1-wYpELkw,ChdDSUhNMG9nS0VJQ0FnSUQtc1BiRnN3RRAB,3.0,,3.0,2.0,2.0
ChIJceaYPzmpQjQRlc1-wYpELkw,ChdDSUhNMG9nS0VJQ0FnSUMtejZlNXNBRRAB,5.0,"不懂差評說的 但我吃的很滿意
味噌湯非常好喝 涼麵也很好吃
真的非常值得回購",,,
ChIJceaYPzmpQjQRlc1-wYpELkw,ChZDSUhNMG9nS0VJQ0FnSUNNdDhTLVV3EAE,4.0,謝謝您🙏的光臨 …,,,
ChIJceaYPzmpQjQRlc1-wYpELkw,ChZDSUhNMG9nS0VJQ0FnSUMtOXJpREZREAE,5.0,宵夜時間外帶滿多次了，因為每次外帶品質都滿穩定所以來幫店家加個分，一開始看負評滿多有點擔心，但是那天深夜剛好突然想吃想說試試看，不好吃頂多下次不買了，意外的還滿合我喜歡的口味（台式麻醬的口味我覺得有點像在錦州街上的西雅圖涼麵的感覺）我們都固定吃台式麻醬口味+味增三合一，我覺得在這附近區塊算是想吃涼麵時一個不錯的選擇，而且還是24小時營業很加分👍🏻,5.0,,
ChIJceaYPzmpQjQRlc1-wYpELkw,ChZDSUhNMG9nS0VJQ0FnSUMtMXFmOUhREAE,4.0,不難吃，有台式，泰式，日式三種口味的涼麵,4.0,5.0,4.0
ChIJceaYPzmpQjQRlc1-wYpELkw,ChZDSUhNMG9nS0VJQ0FnSUMtblBuWGVREAE,5.0,,5.0,5.0,5.0
ChIJceaYPzmpQjQRlc1-wYpELkw,ChZDSUhNMG9nS0VJQ0FnSURldzZ1VUR3EAE,3.0,,,,
ChIJceaYPzmpQjQRlc1-wYpELkw,ChZDSUhNMG9nS0VJQ0FnSURlMGYyc0pBEAE,2.0,凌晨多的選擇可以吃，但今天點外送吃到一半竟然有一隻肥蒼蠅我真的要吐了…衛生在注意一下吧….,,,
ChIJceaYPzmpQjQRlc1-wYpELkw,ChdDSUhNMG9nS0VJQ0FnSURlb2JlSTJ3RRAB,4.0,,,,
ChIJceaYPzmpQjQRlc1-wYpELkw,ChZDSUhNMG9nS0VJQ0FnSURlMXVTeFJnEAE,4.0,,,,
ChIJceaYPzmpQjQRlc1-wYpELkw,ChZDSUhNMG9nS0VJQ0FnSURlOHRiS2RnEAE,5.0,,,,
ChIJceaYPzmpQjQRlc1-wYpELkw,ChZDSUhNMG9nS0VJQ0FnSURlbU1uTkhBEAE,4.0,,,,
ChIJceaYPzmpQjQRlc1-wYpELkw,ChdDSUhNMG9nS0VJQ0FnSURlME5idmdnRRAB,5.0,"好吃順口
口味特殊跟一般的比較不一樣
評論我覺得只是個人想法
但整體來說還是很優的！我很推",,,
ChIJceaYPzmpQjQRlc1-wYpELkw,ChZDSUhNMG9nS0VJQ0FnSURlMEpidEl3EAE,5.0,"真的很好吃
不要相信評論的
他們很辛苦真材實料
努力經營
大家可以給個機會",,,
ChIJceaYPzmpQjQRlc1-wYpELkw,ChdDSUhNMG9nS0VJQ0FnSUNlaTZPOW5RRRAB,1.0,拜託一下那個涼麵真的要改進，涼麵真的很像酸掉臭掉的味道。ㄧ年前就有人反應了⋯ㄧ年後還是這樣⋯,,,
ChIJceaYPzmpQjQRlc1-wYpELkw,ChZDSUhNMG9nS0VJQ0FnSUNlOF8tVmN3EAE,5.0,第一次吃泰式涼麵我喜歡💕酸酸辣辣的口感，三合一味增湯不錯喝，台式涼麵沒有太多的黏稠醬汁，確很入味，魯豆干魯的有入味，完全不踩雷😍😍😍😍😍 …,,,
ChIJceaYPzmpQjQRlc1-wYpELkw,ChZDSUhNMG9nS0VJQ0FnSUNlM2N6ZlNnEAE,3.0,,,,
ChIJceaYPzmpQjQRlc1-wYpELkw,ChdDSUhNMG9nS0VJQ0FnSUNlOHZQdDBBRRAB,1.0,"女性短髮戴眼鏡服務員，從內用點餐到吃完離開，從頭到尾都把口罩掛在左耳耳朵上！
疫情期間讓人無法接受！！！",,,
ChIJceaYPzmpQjQRlc1-wYpELkw,ChZDSUhNMG9nS0VJQ0FnSUNlcElyMUJ3EAE,5.0,,,,
ChIJceaYPzmpQjQRlc1-wYpELkw,ChdDSUhNMG9nS0VJQ0FnSURjNk1PYzZBRRAB,5.0,謝謝您的光臨,,,
ChIJceaYPzmpQjQRlc1-wYpELkw,ChZDSUhNMG9nS0VJQ0FnSUR1bjlTcVdBEAE,4.0,深夜宵夜好選擇,,,
ChIJceaYPzmpQjQRlc1-wYpELkw,ChdDSUhNMG9nS0VJQ0FnSUR1dTkzWF9RRRAB,5.0,最愛泰式雞絲涼麵，酸酸辣辣非常適合沒有什麼食慾的夏天，讓人食指大動，大推,,,
ChIJceaYPzmpQjQRlc1-wYpELkw,ChdDSUhNMG9nS0VJQ0FnSUR1cy1XRzNRRRAB,1.0,"今天第一次點
紫菜湯裡沒有真正的紫菜
一大堆胡椒粉……
這樣的紫菜湯超貴…
涼麵一般…
不值得回購",,,
ChIJceaYPzmpQjQRlc1-wYpELkw,ChdDSUhNMG9nS0VJQ0FnSUR1cGFtTzd3RRAB,5.0,,,,
ChIJceaYPzmpQjQRlc1-wYpELkw,ChdDSUhNMG9nS0VJQ0FnSUR1OGUzaXdnRRAB,4.0,,,,
ChIJceaYPzmpQjQRlc1-wYpELkw,ChZDSUhNMG9nS0VJQ0FnSUR1Z2RfS2Z3EAE,5.0,不錯，很好吃,,,
ChIJceaYPzmpQjQRlc1-wYpELkw,ChdDSUhNMG9nS0VJQ0FnSUR1OXRmQ2xRRRAB,5.0,,,,
ChIJceaYPzmpQjQRlc1-wYpELkw,ChZDSUhNMG9nS0VJQ0FnSUR1LXR5bEtnEAE,5.0,,,,
ChIJceaYPzmpQjQRlc1-wYpELkw,ChZDSUhNMG9nS0VJQ0FnSUN1ZzhMZ0N3EAE,1.0,"在熊貓上點過超過十次 沒有一次看備註的
都是我事後反應做更換
麻煩老闆能看一下嗎？
不然直接在商店上面打不接受備註特製
我只是不吃蔥 麻煩不要放可以嗎？
可以拜託你去注意 有沒有備註事項嗎？",,,
ChIJceaYPzmpQjQRlc1-wYpELkw,ChZDSUhNMG9nS0VJQ0FnSUN1MVk3UFVREAE,3.0,,,,
ChIJceaYPzmpQjQRlc1-wYpELkw,ChZDSUhNMG9nS0VJQ0FnSUN1MWJpX1lBEAE,1.0,有夠難吃，涼麵沒味道，泡菜整個臭掉，紫菜蛋花湯根本紫菜屑花湯，哪來的自信賣這個價格,,,
ChIJceaYPzmpQjQRlc1-wYpELkw,ChZDSUhNMG9nS0VJQ0FnSUN1cGQzTVBnEAE,1.0,"從外送平台點餐
泡菜鍋燒意麵裡的菜吃起來怪怪的
我從昨日半夜吃完肚子痛到現在
湯頭本身沒有泡菜味道
麵爛（但因為外送我能體諒）
我時常去店裡吃涼麵都沒問題，這是第一次吃鍋燒意麵。
吃完不舒服到現在，希望你們能像對待涼麵的態度處理鍋燒意麵。
不然就專心賣涼麵就好",,,
ChIJceaYPzmpQjQRlc1-wYpELkw,ChZDSUhNMG9nS0VJQ0FnSUN1bWUzTGZnEAE,4.0,,,,
ChIJceaYPzmpQjQRlc1-wYpELkw,ChdDSUhNMG9nS0VJQ0FnSUN1cWJPNmxRRRAB,3.0,,,,
ChIJceaYPzmpQjQRlc1-wYpELkw,ChdDSUhNMG9nS0VJQ0FnSUN1M29Ud3N3RRAB,3.0,"剛點也備註_加中辣_居然沒有加
備註是到底要做什麼用的_待改進",,,
ChIJceaYPzmpQjQRlc1-wYpELkw,ChZDSUhNMG9nS0VJQ0FnSUN1Z3RDNFhREAE,5.0,,,,
ChIJceaYPzmpQjQRlc1-wYpELkw,ChdDSUhNMG9nS0VJQ0FnSUN1X01IMjZBRRAB,4.0,都行，但菜脯蛋是換人煎了嗎？超鹹像在吃鹽巴，菜脯本身就鹹了不要再加鹽了好嗎….,,,
ChIJceaYPzmpQjQRlc1-wYpELkw,ChZDSUhNMG9nS0VJQ0FnSUN1N0xiSkN3EAE,5.0,24H，還行,,,
ChIJceaYPzmpQjQRlc1-wYpELkw,ChZDSUhNMG9nS0VJQ0FnSUN1OU1lZk1BEAE,1.0,"中午點了外送
2個台式雞絲涼麵（大）150
一個日式雞絲涼麵（大）75
一個泰式涼麵（大）55
一份皮蛋豆腐35
一顆荷包蛋15
總共430 卻被收了480
叫了三個不辣的涼麵，來了都是辣的，小朋友都不敢吃，老闆～一個75元沒有很便宜好嗎⋯⋯沒點飲料但意外送了一杯冬瓜茶
我沒問孩子找的錢怎麼不對的話，都沒發現被多收錢！外送的店員回到店裡也沒告知店家多收錢了嗎？明明有留外送地址和電話，怎麼不會主動聯繫客人多收錢？
還等我晚上發現才打電話回去店家問，多收50的部分，店員請我下次去消費再幫我直接抵掉，那我兩盒買給小孩吃的不辣的涼麵呢⋯⋯買回來小孩都不敢吃，我不是奧客，我已經買過很多次了，只是第一次叫外送，這次的經驗讓我不敢再恭維貴店！這年頭生意不好做，我也沒刻意找碴，打了電話回去店裡又告知我店長已經下班⋯我真的滿臉問號",,,
ChIJceaYPzmpQjQRlc1-wYpELkw,ChdDSUhNMG9nS0VJQ0FnSUN1a05hTi13RRAB,1.0,盒子破掉是怎樣？？？？？晚餐時段，短髮老老闆娘，態度那麼爛又是怎樣？？以後不帶朋友來了謝謝。,,,
ChIJceaYPzmpQjQRlc1-wYpELkw,ChZDSUhNMG9nS0VJQ0FnSUN1a0piS2ZREAE,1.0,晚餐19:30左右的時段，短髮比較有年紀的老闆態度好差,,,
ChIJceaYPzmpQjQRlc1-wYpELkw,ChdDSUhNMG9nS0VJQ0FnSUN1a09hRC1nRRAB,1.0,短髮比較老的老闆，脾氣不知道在差什麼，另一個客人拿錯菜單也在兇，看臉色吃你的飯？,,,
ChIJceaYPzmpQjQRlc1-wYpELkw,ChdDSUhNMG9nS0VJQ0FnSURPejVyc3VBRRAB,3.0,全日都有販賣的涼麵店,,,
ChIJceaYPzmpQjQRlc1-wYpELkw,ChZDSUhNMG9nS0VJQ0FnSURPOTV5RURBEAE,1.0,你們就顧外帶就好了啊，我內用湯都喝完涼麵還沒來是什麼意思？,,,
ChIJceaYPzmpQjQRlc1-wYpELkw,ChZDSUhNMG9nS0VJQ0FnSURPNWJDalFnEAE,5.0,,,,
ChIJceaYPzmpQjQRlc1-wYpELkw,ChZDSUhNMG9nS0VJQ0FnSUR5MmNXMFpnEAE,4.0,川流不息的街道，小巷串成街道，街道合成大路，許多汽車路過此店，無法停車消費，路人卻得以佇足，進入享受美食，不喜甜辣味，不喜醬油味，還是傳統的台式涼麵好，店內大型電視播放農民辛苦栽種的鳳梨出口受阻的新聞，我看還是跟鬍子哥訂20公斤鳳梨幫幫農民吧！這時裝著燙熱味增蛋花湯的塑膠碗，發出痛苦的悲鳴，許多的人會再來吃涼麵，我也是，就愛台式。,,,
ChIJceaYPzmpQjQRlc1-wYpELkw,ChdDSUhNMG9nS0VJQ0FnSURPcVp5LS1nRRAB,4.0,速度很快，食物中等，第一次買，老闆娘都沒解釋清楚，所以，沒有加辣，加了應該更好吃，三個口味都一樣，原來是要畫上面的格子，很可惜,,,
ChIJceaYPzmpQjQRlc1-wYpELkw,ChRDSUhNMG9nS0VJQ0FnSURPeWNsZBAB,4.0,,,,
ChIJceaYPzmpQjQRlc1-wYpELkw,ChZDSUhNMG9nS0VJQ0FnSURPaHRUQ0F3EAE,5.0,"第一次吃這家涼麵
還不錯吃！！
晚上下班還有賣涼麵的店開著
真是太棒了👍🏻👍🏻
店員們也都很親切～
有機會會再來☺️",,,
ChIJceaYPzmpQjQRlc1-wYpELkw,ChdDSUhNMG9nS0VJQ0FnSURPLXNLNDh3RRAB,5.0,涼麵非常好吃，我是外送單，涼麵的塑膠碗是有破裂的，導致整晚醬汁溢出，因熊貓客服一直無回應，只好打電話跟店家說明後立刻就送一包醬過來，還多送了一包冬瓜茶，非常有心🌸 未來還會多點 …,,,
ChIJceaYPzmpQjQRlc1-wYpELkw,ChdDSUhNMG9nS0VJQ0FnSURPeXRqQXFnRRAB,3.0,味增湯真好喝！！！,,,
ChIJceaYPzmpQjQRlc1-wYpELkw,ChZDSUhNMG9nS0VJQ0FnSURPbUtpQU1BEAE,5.0,蘆洲宵夜好去處,,,
ChIJceaYPzmpQjQRlc1-wYpELkw,ChdDSUhNMG9nS0VJQ0FnSURPME42cWpnRRAB,4.0,現場買外帶的，口味還不錯價格也合理，,,,
ChIJceaYPzmpQjQRlc1-wYpELkw,ChZDSUhNMG9nS0VJQ0FnSUNPajZLNU1nEAE,5.0,住蘆洲這麼久今天第一次吃，好吃、出餐迅速、櫃檯人員很親切、CP值高、宵夜的好選擇,,,
ChIJceaYPzmpQjQRlc1-wYpELkw,ChZDSUhNMG9nS0VJQ0FnSUNPNl9MNUR3EAE,5.0,店家態度良好，東西特別的好吃又不會很貴，也營業到很晚很適合宵夜時間去吃,,,
ChIJceaYPzmpQjQRlc1-wYpELkw,ChZDSUhNMG9nS0VJQ0FnSUNPNl9MYVFBEAE,5.0,很好吃,,,
ChIJceaYPzmpQjQRlc1-wYpELkw,ChdDSUhNMG9nS0VJQ0FnSUNPb2NUYjFRRRAB,5.0,,,,
ChIJceaYPzmpQjQRlc1-wYpELkw,ChdDSUhNMG9nS0VJQ0FnSUNPbnRHa3FRRRAB,3.0,"店員態度迅速而且到位。客氣。

但是。。。

紅茶講真的 不ok 味道苦澀而且不甜。

麵。不是那種油麵該有的那種醬麵分離感。

但是麵的份量算多！不錯！",,,
ChIJceaYPzmpQjQRlc1-wYpELkw,ChZDSUhNMG9nS0VJQ0FnSUNPanBMYWVnEAE,5.0,親切,,,
ChIJceaYPzmpQjQRlc1-wYpELkw,ChdDSUhNMG9nS0VJQ0FnSUNPM0wtMTdRRRAB,3.0,,,,
ChIJceaYPzmpQjQRlc1-wYpELkw,ChZDSUhNMG9nS0VJQ0FnSUNPMU5McE93EAE,5.0,,,,
ChIJceaYPzmpQjQRlc1-wYpELkw,ChdDSUhNMG9nS0VJQ0FnSUNPd0tHZHJnRRAB,5.0,最喜歡這種24H的店面，雖然說價格比較高一點，希望皮蛋豆腐可以加蔥花！雞絲麵裡超級多蔥花！好吃！,,,
ChIJceaYPzmpQjQRlc1-wYpELkw,ChZDSUhNMG9nS0VJQ0FnSUQyMXBmcEZREAE,4.0,24小時營業，口味也不錯,,,
ChIJceaYPzmpQjQRlc1-wYpELkw,ChdDSUhNMG9nS0VJQ0FnSUQyMm9mbzR3RRAB,1.0,老阿姨態度差 不會再光顧,,,
ChIJceaYPzmpQjQRlc1-wYpELkw,ChdDSUhNMG9nS0VJQ0FnSUNXaE9qNDBnRRAB,3.0,以前很常吃，味道沒以前的好，態度也變不好。,,,
ChIJceaYPzmpQjQRlc1-wYpELkw,ChdDSUhNMG9nS0VJQ0FnSUQybE1fMzVnRRAB,3.0,一兩年經過都會吃一下 也曾經建議過麵是否可軟些..湯還不錯，所以給予三顆,,,
ChIJceaYPzmpQjQRlc1-wYpELkw,ChZDSUhNMG9nS0VJQ0FnSUQyLUktdU13EAE,5.0,,,,
ChIJceaYPzmpQjQRlc1-wYpELkw,ChZDSUhNMG9nS0VJQ0FnSUNhaU5fYUJBEAE,1.0,上次叫涼麵  醬汁有酸敗味道  下次給客人  請先嘗試味道  在出貨  善待改進  應該是加醋  醬料放外面太久  沒使用  放冰箱  延長保存時間  比較好,,,
ChIJceaYPzmpQjQRlc1-wYpELkw,ChdDSUhNMG9nS0VJQ0FnSUMybDhYTnRBRRAB,4.0,宵夜好選擇,,,
ChIJceaYPzmpQjQRlc1-wYpELkw,ChZDSUhNMG9nS0VJQ0FnSUNHay1uZ053EAE,1.0,"從五星評價降到一星，晚班怎麼老是少放餐具啦！
走了那個中性打扮 態度不好的，現在的新人態度是OK 但狀況目前還是不太上手",,,
ChIJceaYPzmpQjQRlc1-wYpELkw,ChdDSUhNMG9nS0VJQ0FnSUMyaVpxbl9RRRAB,4.0,涼麵不錯吃，麻醬香，辣油很辣，想吃點辣建議加一點點就夠了，不過點餐時店員另外問要不要湯，沒馬上回口氣就有兇，感覺很急躁,,,
ChIJceaYPzmpQjQRlc1-wYpELkw,ChZDSUhNMG9nS0VJQ0FnSUMyaXJLNVZREAE,5.0,謝謝🙏帥哥給我們5顆星的評價，感恩！ …,,,
ChIJceaYPzmpQjQRlc1-wYpELkw,ChZDSUhNMG9nS0VJQ0FnSUMyNHFEdVBnEAE,1.0,.....味增蛋不是以前的煮法，以前是湯大滾才把蛋倒下去，然後就倒起來，這樣才有滑蛋的感覺啊，今天居然給我在鍋底煮到黏在鍋底，收錢也沒禮貌，我跟她說謝謝，居然不甩我，我買那麼多次，以前員工再怎麼ㄎㄧㄤ，我都沒留過負評，但這個蛋我無法接受🙄🙄而且還漲價了，漲價還沒做完善sop，吃會令人生氣。 …,,,
ChIJceaYPzmpQjQRlc1-wYpELkw,ChdDSUhNMG9nS0VJQ0FnSURXMzltRzZRRRAB,2.0,謝謝🙏您的捧場 …,,,
ChIJceaYPzmpQjQRlc1-wYpELkw,ChZDSUhNMG9nS0VJQ0FnSURXNC1XU0pREAE,5.0,很方便的宵夜,,,
ChIJceaYPzmpQjQRlc1-wYpELkw,ChZDSUhNMG9nS0VJQ0FnSURXdzlUbUdREAE,5.0,24小時很少了,,,
ChIJceaYPzmpQjQRlc1-wYpELkw,ChdDSUhNMG9nS0VJQ0FnSURXeFlmLThRRRAB,5.0,為所有失眠患者提供安慰。口味選擇多樣，份量也適中。,,,
ChIJceaYPzmpQjQRlc1-wYpELkw,ChZDSUhNMG9nS0VJQ0FnSURXbnFpakJ3EAE,4.0,謝謝🙏您的4顆星鼓勵，感恩！ …,,,
ChIJceaYPzmpQjQRlc1-wYpELkw,ChdDSUhNMG9nS0VJQ0FnSURXNXFQbnVBRRAB,1.0,超雷！！！！！外送叫了雞絲酸辣還有雞絲麻醬跟皮蛋豆腐、泡菜、魯蛋豆乾、紫菜味增三合一各一碗！麵的調味都超雷😭😭😭備註要加中辣也沒加，打電話去問小姐說可能剛在包其他員工忘記了，說要幫忙送說現在只有她一個，那就是她忘記加呀😂😂幹嘛說其他員工？？真的超級不好吃,,,
ChIJceaYPzmpQjQRlc1-wYpELkw,ChdDSUhNMG9nS0VJQ0FnSURXZ29hTXRRRRAB,5.0,謝謝🙏您給許多涼麵5顆星的肯定，感恩再感恩！ …,,,
ChIJceaYPzmpQjQRlc1-wYpELkw,ChdDSUhNMG9nS0VJQ0FnSURXblBtY3R3RRAB,5.0,帥哥您好：謝謝您給許多涼麵5顆星的肯定，感恩再感恩,,,
ChIJceaYPzmpQjQRlc1-wYpELkw,ChZDSUhNMG9nS0VJQ0FnSURXOU5LZ0tREAE,1.0,店內外帶的三合一味增湯貢丸有兩顆，但外送平台上叫卻只有一顆，而且價格還貴了五塊，打電話去問原因 店員卻說沒有為什麼 平台契約就是這樣，平台上價格貴一點可以接受，但內容物不一樣實在無法接受，奉勸大家斟酌點餐。,,,
ChIJceaYPzmpQjQRlc1-wYpELkw,ChdDSUhNMG9nS0VJQ0FnSURXOE9qUm5BRRAB,4.0,涼麵還不錯吃～口味也蠻多可以選擇👍🏻，但味噌湯偏鹹 …,,,
ChIJceaYPzmpQjQRlc1-wYpELkw,ChdDSUhNMG9nS0VJQ0FnSUNXejRfTWlnRRAB,3.0,帥哥🤵‍♂️您好：感謝🙏您的捧場與指教，感恩 …,,,
ChIJceaYPzmpQjQRlc1-wYpELkw,ChdDSUhNMG9nS0VJQ0FnSUNXcDhqdXpRRRAB,4.0,平價好吃，剛好位在十字路口，可以看著車潮用餐，也是種用餐體驗，有廁所。,,,
ChIJceaYPzmpQjQRlc1-wYpELkw,ChZDSUhNMG9nS0VJQ0FnSUNXbGZ6Y1lREAE,4.0,帥哥您好：謝謝🙏您的光臨，並感謝🙏您給許多涼麵4顆星的評價，感恩 …,,,
ChIJceaYPzmpQjQRlc1-wYpELkw,ChZDSUhNMG9nS0VJQ0FnSUNXX3VHZFlBEAE,4.0,好吃,,,
ChIJceaYPzmpQjQRlc1-wYpELkw,ChdDSUhNMG9nS0VJQ0FnSURHMzgzdWxRRRAB,1.0,"短髮有年紀的女店員
態度超爛 愛理不理
給錢連謝謝都不講
態度超爛！
年紀一把了 連做人都不會

已就經過了2個月了 現在才回
時間誰記得啊？
也難怪員工這種爛態度
直記得是中午去用餐的
不是女t的那種短髮 我知道貴店有幾個t但他們態度都還行 是一般女生的那種短髮 年紀偏大
進去什麼都不講  問多少錢 也不耐煩  那種態度看了就很火
沒看過這麼爛的員工",,,
ChIJceaYPzmpQjQRlc1-wYpELkw,ChdDSUhNMG9nS0VJQ0FnSUNXcW9mQjFnRRAB,1.0,今天我說要外帶兩個綜合大涼麵，給我收220，我反問妳賣太貴。她說沒有啊！那妳們是怎樣算的，不懂？？？,,,
ChIJceaYPzmpQjQRlc1-wYpELkw,ChdDSUhNMG9nS0VJQ0FnSUNXZ0xQVmt3RRAB,5.0,半夜嘴饞享用泰式、台式、日式涼麵的好地方，配上噴香荷包蛋，醇厚味噌貢丸湯，亦或許鍋燒意麵也會是你的好選擇～,,,
ChIJceaYPzmpQjQRlc1-wYpELkw,ChZDSUhNMG9nS0VJQ0FnSUNXZ09hbkFREAE,1.0,"用熊貓叫你們家的涼麵跟紅茶
紅茶剛拿到就是酸掉的是怎麼回事
不會再叫了你們家的了",,,
ChIJceaYPzmpQjQRlc1-wYpELkw,ChZDSUhNMG9nS0VJQ0FnSUNNeS1IREVREAE,3.0,涼麵味道還好，味噌蛋花湯感覺還不錯,,,
ChIJceaYPzmpQjQRlc1-wYpELkw,ChdDSUhNMG9nS0VJQ0FnSURtajR6SXpnRRAB,5.0,非常感謝您對我們的肯定與支持！謝謝🙏🙏🙏 …,,,
ChIJceaYPzmpQjQRlc1-wYpELkw,ChdDSUhNMG9nS0VJQ0FnSURtMGFmOW9nRRAB,5.0,三合一好好喝😋😋😋 …,,,
ChIJceaYPzmpQjQRlc1-wYpELkw,ChZDSUhNMG9nS0VJQ0FnSURtOXNPa1FREAE,3.0,涼麵普通，服務態度缺乏，不會再去的一間店。,,,
ChIJceaYPzmpQjQRlc1-wYpELkw,ChdDSUhNMG9nS0VJQ0FnSURtZ3VQZHpBRRAB,1.0,😡 …,,,
ChIJceaYPzmpQjQRlc1-wYpELkw,ChdDSUhNMG9nS0VJQ0FnSURtc0tlejFBRRAB,3.0,外送備餐請看清楚 我點雞絲涼麵送來沒有雞絲,,,
ChIJceaYPzmpQjQRlc1-wYpELkw,ChdDSUhNMG9nS0VJQ0FnSUNtcGFlTWtRRRAB,5.0,一般口味，綜合湯品好喝料多,,,
ChIJceaYPzmpQjQRlc1-wYpELkw,ChZDSUhNMG9nS0VJQ0FnSUNtN3N5Y09nEAE,5.0,謝謝您的肯定與支持！🙏🙏🙏 …,,,
ChIJceaYPzmpQjQRlc1-wYpELkw,ChZDSUhNMG9nS0VJQ0FnSUNtOExueFFREAE,4.0,謝謝您的肯定與支持！,,,
ChIJceaYPzmpQjQRlc1-wYpELkw,ChdDSUhNMG9nS0VJQ0FnSURHLTV6SG13RRAB,5.0,謝謝您的肯定與支持🙏🙏🙏 …,,,
ChIJceaYPzmpQjQRlc1-wYpELkw,ChdDSUhNMG9nS0VJQ0FnSURHcXBPTzF3RRAB,3.0,帥哥您好：謝謝🙏您光臨 …,,,
ChIJceaYPzmpQjQRlc1-wYpELkw,ChZDSUhNMG9nS0VJQ0FnSURHLUxDTWFREAE,5.0,謝謝您的肯定與支持🙏🙏🙏 …,,,
ChIJceaYPzmpQjQRlc1-wYpELkw,ChdDSUhNMG9nS0VJQ0FnSUNHdDQtcjdnRRAB,4.0,親愛的顧客您好：謝謝🙏您的光臨，也非常感謝您給我們4顆星的評價 …,,,
ChIJceaYPzmpQjQRlc1-wYpELkw,ChZDSUhNMG9nS0VJQ0FnSUNHMjRDWGR3EAE,2.0,就這樣,,,
ChIJceaYPzmpQjQRlc1-wYpELkw,ChdDSUhNMG9nS0VJQ0FnSUNHMmJIZGhnRRAB,5.0,蠻有誠意的涼麵店,,,
ChIJceaYPzmpQjQRlc1-wYpELkw,ChdDSUhNMG9nS0VJQ0FnSUNHbHFhMnJBRRAB,5.0,味增湯加蛋必點！冬天喝就是爽！,,,
ChIJceaYPzmpQjQRlc1-wYpELkw,ChZDSUhNMG9nS0VJQ0FnSUNHLXFLemFBEAE,5.0,親愛的顧客您好：感謝🙏您光臨許多涼麵，更感謝🙏您給我們5顆星的肯定。感恩感恩！ …,,,
ChIJceaYPzmpQjQRlc1-wYpELkw,ChdDSUhNMG9nS0VJQ0FnSUNHMkx5eG9nRRAB,5.0,口味還不錯，下次經過會再來吃。,,,
ChIJceaYPzmpQjQRlc1-wYpELkw,ChZDSUhNMG9nS0VJQ0FnSUNHNEpiaUtnEAE,3.0,味噌湯死鹹 老闆娘服務態度須在加強 至於涼麵個人認為尚可,,,
ChIJceaYPzmpQjQRlc1-wYpELkw,ChdDSUhNMG9nS0VJQ0FnSUQ2emRlVDJBRRAB,2.0,已經好幾次了 每一次外送都有在下面說要加辣 但每一次都沒有,,,
ChIJceaYPzmpQjQRlc1-wYpELkw,ChZDSUhNMG9nS0VJQ0FnSUQ2LVpIZVpREAE,4.0,推雞絲涼麵，湯也不錯，宵夜好去處,,,
ChIJceaYPzmpQjQRlc1-wYpELkw,ChdDSUhNMG9nS0VJQ0FnSUQ2M3AzcDFnRRAB,1.0,冬瓜茶不入味，荷包蛋因為懶的多洗盤子放在涼麵上，泡菜蒜味太濃。,,,
ChIJceaYPzmpQjQRlc1-wYpELkw,ChZDSUhNMG9nS0VJQ0FnSUQ2M3JDSVV3EAE,5.0,"cp值高,宵夜的好去處(  ´_ゝ｀)",,,
ChIJceaYPzmpQjQRlc1-wYpELkw,ChdDSUhNMG9nS0VJQ0FnSUQ2b3N5SXJRRRAB,4.0,各種都好好吃，服務也不錯，生意超好,,,
ChIJceaYPzmpQjQRlc1-wYpELkw,ChZDSUhNMG9nS0VJQ0FnSUM2OUxDc0hBEAE,4.0,親愛的顧客您好：感謝🙏您給許多涼麵4顆星的評價。感恩再感恩！ …,,,
ChIJceaYPzmpQjQRlc1-wYpELkw,ChdDSUhNMG9nS0VJQ0FnSURhbjhlNTB3RRAB,3.0,出餐速度很快  但是餐點不太合口味,,,
ChIJceaYPzmpQjQRlc1-wYpELkw,ChdDSUhNMG9nS0VJQ0FnSURhbjZySG5RRRAB,1.0,麻醬涼麵真的吞不下去 越吃越痛苦,,,
ChIJceaYPzmpQjQRlc1-wYpELkw,ChZDSUhNMG9nS0VJQ0FnSURhMXZ2ak1BEAE,5.0,親愛的顧客您好：謝謝🙏您給許多涼麵5顆星的肯定。感恩再感恩 …,,,
ChIJceaYPzmpQjQRlc1-wYpELkw,ChZDSUhNMG9nS0VJQ0FnSURhNXEtUUJnEAE,1.0,"欸不是⋯⋯
外送叫了兩種麵
麻醬普普但盒子破了桌子直接毀掉
然後日式醬油那個根本不是醬油是醋吧
那個醋味比女朋友上了別人的車還跟他獨處一晚的人還要重
真的是難吃到我直接一個詩情畫意國小作文都沒寫這麼好過 基於感動給你六顆星
這顆是多出來那顆",,,
ChIJceaYPzmpQjQRlc1-wYpELkw,ChdDSUhNMG9nS0VJQ0FnSUNLdzd2U3lnRRAB,5.0,帥哥您好：感謝您給予許多涼麵四顆星的肯定，感恩再感恩。祝㊗️！一切順心如意,,,
ChIJceaYPzmpQjQRlc1-wYpELkw,ChZDSUhNMG9nS0VJQ0FnSURhLW9HRk5REAE,2.0,"訂外送點雞絲涼麵跟泰式
結果居然沒給雞絲的醬
害我這個不吃辣的只好把我弟的泰式醬分一半來沾",,,
ChIJceaYPzmpQjQRlc1-wYpELkw,ChZDSUhNMG9nS0VJQ0FnSUNhN3ZfdkxBEAE,1.0,變難吃了，醬料比例都走味了，麻醬太多快吞不下去了,,,
ChIJceaYPzmpQjQRlc1-wYpELkw,ChZDSUhNMG9nS0VJQ0FnSUNhcXNtb1BREAE,1.0,非常的爛，我點外送平台涼麵的醬料還能漏給，打你們電話都在忙線中，整袋當垃圾直接丟垃圾桶，不會再回購,,,
ChIJceaYPzmpQjQRlc1-wYpELkw,ChdDSUhNMG9nS0VJQ0FnSUR5NHFfTjJRRRAB,3.0,還行,,,
ChIJceaYPzmpQjQRlc1-wYpELkw,ChZDSUhNMG9nS0VJQ0FnSUNhek1MUEFnEAE,1.0,平台外送，三合一味噌湯那個蛋水水的跟半熟蛋一樣，然後整個湯都有種咯咯（台語）欸，豆腐要爛不爛，涼麵就一般般沒什麼，不會回購,,,
ChIJceaYPzmpQjQRlc1-wYpELkw,ChdDSUhNMG9nS0VJQ0FnSUNhZ0tuV3FnRRAB,4.0,三合一的湯好喝丶泰式醬很特別丶原味麻醬偏甜一點，整體不錯，好吃😋 …,,,
ChIJceaYPzmpQjQRlc1-wYpELkw,ChdDSUhNMG9nS0VJQ0FnSURxbTZXNi1BRRAB,3.0,一般~不過大份份量不少,,,
ChIJceaYPzmpQjQRlc1-wYpELkw,ChdDSUhNMG9nS0VJQ0FnSURxeHJxRi1nRRAB,1.0,"蘆洲難吃涼麵再添一間。
吃一口酸的，再吃一口完全不知道我吃了什麼？？？
是醋加太多還是醬臭酸阿......",,,
ChIJceaYPzmpQjQRlc1-wYpELkw,ChdDSUhNMG9nS0VJQ0FnSURxeHF6WXRnRRAB,4.0,"太大份吃不下⋯
台式涼麵的芝麻醬濃稠（芝麻醬太多）建議芝麻醬可以弄少一點🙂 …",,,
ChIJceaYPzmpQjQRlc1-wYpELkw,ChZDSUhNMG9nS0VJQ0FnSURxbUt6YU1BEAE,5.0,平台訂過好多次了，涼麵很好吃，最讓人驚艷的是味增湯+蛋，生平喝過最好喝！,,,
ChIJceaYPzmpQjQRlc1-wYpELkw,ChdDSUhNMG9nS0VJQ0FnSURxaU9fTmhnRRAB,2.0,湯非常好喝 ，但是涼麵是溫的 醋放太多導致太酸 麻醬比例跟醋就說2:8 懂我在說什麼吧！ 希望能口味改進 看網路上推薦第一次來吃我覺得不行❌  希望吃到的涼麵可以是涼到而不是溫的 醬也不要太酸 。,,,
ChIJceaYPzmpQjQRlc1-wYpELkw,ChdDSUhNMG9nS0VJQ0FnSURxc09TQWxRRRAB,5.0,帥哥您好：我們非常高興您對許多涼麵的肯定，感恩再感恩喔！㊗️愉快如意,,,
ChIJceaYPzmpQjQRlc1-wYpELkw,ChZDSUhNMG9nS0VJQ0FnSUNxMC1pV1hREAE,1.0,"大夜班那個短髮女你爸媽有沒有教過你什麼叫禮貌
從我一進門點餐寫單子你態度為什麼要那麼差
好像我欠你的一樣
這樣就算了
跟你結帳的時候你還把錢用丟的給我是什麼意思？
請問這家店的老闆這種人你還敢用？",,,
ChIJceaYPzmpQjQRlc1-wYpELkw,ChZDSUhNMG9nS0VJQ0FnSUNxMXNyd0FREAE,1.0,"服務變差了
口味也變差了
醋多了， 好像臭酸味
可能換人調醬了
以後不去吃了",,,
ChIJceaYPzmpQjQRlc1-wYpELkw,ChdDSUhNMG9nS0VJQ0FnSURLbXVUb3JRRRAB,2.0,"5/8凌晨去用餐，看到女店員在櫃枱用筷子邊挾麵邊自己吃，邊裝入餐盒，我一度以為看錯了，我們驚嚇到一直盯著看，真的看傻了，超誇張，不知道是哪個可憐蟲訂的餐點，我後悔只顧著驚嚇，忘了錄影下來！而且店員很愛聊天還都不戴口罩，根本是防疫大破口，超沒職業道德！！

我看留言知道老闆都會用心的親自回覆，我知道店員難請，但您真的要好好教育一下員工，衛生習慣超差，態度也𣎴好，別再讓這種誇張的員工毀了您的店譽啊！

5/19更新

謝謝您很用心的調閱監視器，您認為員工在製作餐點處直接用餐、交談，是洽當合理的行為，導致顧客觀感不好甚至產生誤會，並將這些視為是我沒看仔細、沒有同理心的行為，我也虛心受教，願意向這位員工致歉，對不起，您在製餐處吃的是自己的餐點，不是客人的餐點，我看錯了，我很抱歉。

但在蘆洲爆發疫情時刻，當下沒戴口罩交談的製作餐點也是事實，請勸導您的員工，不要造成防疫破口，感謝您願意防堵疫情，共同守護蘆洲。

（我還是希望好吃的店家可以長久經營，這篇評論，我會於收到您願意改善的回覆後刪掉，祝您生意興隆。）",,,
ChIJceaYPzmpQjQRlc1-wYpELkw,ChZDSUhNMG9nS0VJQ0FnSURLM2ItcmRBEAE,5.0,親愛的顧客您好：謝謝🙏您的惠顧，與給許多涼麵五顆星的肯定，我們全體工作人員都感謝您的支持，感恩再感恩。祝㊗️！安康 …,,,
ChIJceaYPzmpQjQRlc1-wYpELkw,ChdDSUhNMG9nS0VJQ0FnSURLOW9xVmhRRRAB,5.0,味噌湯是主體,,,
ChIJceaYPzmpQjQRlc1-wYpELkw,ChZDSUhNMG9nS0VJQ0FnSURLd29lT0hnEAE,2.0,"唯一缺點就是涼麵結果來的是冷面？
那就不要標榜造自己做得是涼麵可以嗎？
就是熱所以想說去吃 結果一點都不涼",,,
ChIJceaYPzmpQjQRlc1-wYpELkw,ChdDSUhNMG9nS0VJQ0FnSURLZ3FqNHR3RRAB,3.0,東西很好吃，之前常來買，但在新聞發佈蘆洲有新冠肺炎確診者的這天（5/4），兩位店員竟全程都沒戴口罩，一邊交談一邊作我們的餐點，驚嚇指數破錶...短時間不敢再去了,,,
ChIJceaYPzmpQjQRlc1-wYpELkw,ChdDSUhNMG9nS0VJQ0FnSURLcktIaF9RRRAB,3.0,,,,
ChIJceaYPzmpQjQRlc1-wYpELkw,ChdDSUhNMG9nS0VJQ0FnSURLek91SzlBRRAB,4.0,q彈的涼麵有三種口味配上超濃的味噌湯絕配👍👍👍 …,,,
ChIJceaYPzmpQjQRlc1-wYpELkw,ChZDSUhNMG9nS0VJQ0FnSURLMUtydEt3EAE,5.0,店員非常友善，涼麵平價好吃，泰式涼麵很清爽。,,,
ChIJceaYPzmpQjQRlc1-wYpELkw,ChZDSUhNMG9nS0VJQ0FnSURLbExLSVl3EAE,1.0,,,,
ChIJceaYPzmpQjQRlc1-wYpELkw,ChdDSUhNMG9nS0VJQ0FnSURLNUpYUy1RRRAB,1.0,"是用熊貓叫的此間，點了兩份涼麵和小菜，除了其中的一份以外都有註明不加辣不加蒜，結果送來後濃厚的蒜味，讓人整份都無法下嚥，點了特大份只能全倒垃圾桶，希望以後店家能注意備註，如果都是像我一樣真的不能吃的，可能會導致有很多食物被倒掉（不是浪費食物，朋友在旁都看到我吞下第一口馬上飆淚）
東西是好吃的也吃非常多次了，但拜託看個標註吧",,,
ChIJceaYPzmpQjQRlc1-wYpELkw,ChZDSUhNMG9nS0VJQ0FnSURLNUtUVlZ3EAE,5.0,親愛的顧客您好：我們非常高興您給予許多涼麵五顆星的肯定，我們全體工作人員都非常開心😃，感恩再感恩喔！祝㊗️您！事事順心如意！ …,,,
ChIJceaYPzmpQjQRlc1-wYpELkw,ChZDSUhNMG9nS0VJQ0FnSURLOE9iS1lnEAE,5.0,帥哥您好：感謝🙏您給予許多涼麵五顆星的肯定，我們全體工作人員都非常感激您的肯定，感恩再感恩。祝㊗️！事事順心如意 …,,,
ChIJceaYPzmpQjQRlc1-wYpELkw,ChZDSUhNMG9nS0VJQ0FnSURLZ09YZlZnEAE,3.0,親愛的顧客您好：我們非常感謝🙏您給予許多涼麵三星星的鼓勵，感恩再感恩喔！祝㊗️順心如意 …,,,
ChIJceaYPzmpQjQRlc1-wYpELkw,ChdDSUhNMG9nS0VJQ0FnSUNLdjVPczVnRRAB,1.0,"雷雷的，態度也不好😂
沒有衛生觀念...抓料的時候沒帶手套 …",,,
ChIJceaYPzmpQjQRlc1-wYpELkw,ChZDSUhNMG9nS0VJQ0FnSUNLNjV6MkJBEAE,3.0,親愛的顧客您好：我們非常感謝您給予許多涼麵三星星的鼓勵。感恩再感恩喔！祝㊗️您 事事順心如意,,,
ChIJceaYPzmpQjQRlc1-wYpELkw,ChdDSUhNMG9nS0VJQ0FnSUNLaV9tbWp3RRAB,4.0,親愛的顧客您好：我們很高興您給予許多涼麵四顆星的肯定，感恩再感恩。祝㊗️！一切順心如意,,,
ChIJceaYPzmpQjQRlc1-wYpELkw,ChZDSUhNMG9nS0VJQ0FnSUNLazdpa1BnEAE,5.0,帥哥您好：我們非常感謝您給予許多涼麵五顆星的肯定，感恩再感恩。祝㊗️！一切順心如意,,,
ChIJceaYPzmpQjQRlc1-wYpELkw,ChZDSUhNMG9nS0VJQ0FnSUNLemZyMlR3EAE,4.0,親愛的顧客您好：我們非常感謝您給許多涼麵四顆星的評價，客觀來講，基本上餐飲沒有絕對五顆星的，因為還有無限的進步空間，您能給我們四顆星我們已經很滿足了，感恩再感恩喔！祝㊗️安康,,,
ChIJceaYPzmpQjQRlc1-wYpELkw,ChZDSUhNMG9nS0VJQ0FnSUNLMmFlakx3EAE,5.0,"親愛的顧客您好：
感謝🙏您給許多涼麵五顆星的肯定，感恩再感恩喔！祝㊗️！安康 …",,,
ChIJceaYPzmpQjQRlc1-wYpELkw,ChdDSUhNMG9nS0VJQ0FnSUNLdU5YQi13RRAB,1.0,態度不佳+1,,,
ChIJceaYPzmpQjQRlc1-wYpELkw,ChdDSUhNMG9nS0VJQ0FnSUNLbU5xcHNRRRAB,2.0,女店員態度有夠差，跟她說要一小包辣醬，直接回說“阿是不會等一下喔”，是在兇幾點的？？！， 我是來買涼麵吃的，可不是來花錢找罪受的好嗎？！,,,
ChIJceaYPzmpQjQRlc1-wYpELkw,ChZDSUhNMG9nS0VJQ0FnSUNLa0tlc01REAE,4.0,"涼麵選擇很多，價錢也合理
算是蘆洲第一名的涼麵",,,
ChIJceaYPzmpQjQRlc1-wYpELkw,ChdDSUhNMG9nS0VJQ0FnSUNLb1B1SXlnRRAB,5.0,好吃,,,
ChIJceaYPzmpQjQRlc1-wYpELkw,ChdDSUhNMG9nS0VJQ0FnSUNLZ0tuN3J3RRAB,4.0,普通,,,
ChIJceaYPzmpQjQRlc1-wYpELkw,ChdDSUhNMG9nS0VJQ0FnSUR5OV9UbTFBRRAB,1.0,被餐超級久，拖了至少20分鐘有，我都在想我都不用吃飯嗎？（我用Foodpanda點餐）真的搞不懂店家在搞甚麼，點個3樣東西（兩杯飲料和一份小分涼麵）可以弄的15到20分鐘??,,,
ChIJceaYPzmpQjQRlc1-wYpELkw,ChZDSUhNMG9nS0VJQ0FnSUR5aF8tTEF3EAE,4.0,東西好吃，環境不錯,,,
ChIJceaYPzmpQjQRlc1-wYpELkw,ChZDSUhNMG9nS0VJQ0FnSUR5aDYyRGR3EAE,1.0,"涼麵還可以
貢丸湯加太多胡椒差點嗆死，根本不能喝
花35$買一碗胡椒水回家
重點店員態度超級差
晚上來店外帶，當時店裡也沒有什麼客人
我就劃單點餐，店員的臉臭到好像我欠他錢
餐做好了也不會提醒客人，直接丟在台子上，過了一陣子後對著我說：「你的外帶好了啊」
請問我看起來像會通靈嗎？",,,
ChIJceaYPzmpQjQRlc1-wYpELkw,ChZDSUhNMG9nS0VJQ0FnSUR5NFk2V1pnEAE,1.0,回去直接上吐下瀉，你們好意思還開著？,,,
ChIJceaYPzmpQjQRlc1-wYpELkw,ChdDSUhNMG9nS0VJQ0FnSUR5b3FlZTFRRRAB,4.0,台式跟日式涼麵都蠻好吃的，湯也不錯，價格平價,,,
ChIJceaYPzmpQjQRlc1-wYpELkw,ChZDSUhNMG9nS0VJQ0FnSUR5Z3RucklnEAE,4.0,親愛的顧客您好：謝謝🙏您的惠顧，以及給予許多涼麵四顆星的好評，雖然不是五顆星滿分💯，但我們已經心滿意足了哈！期盼您能再度光臨喔！祝！事事如意 …,,,
ChIJceaYPzmpQjQRlc1-wYpELkw,ChZDSUhNMG9nS0VJQ0FnSUR5OVBUMVlREAE,4.0,"有賣泰式涼麵蠻特別的。
2021.02.24",,,
ChIJceaYPzmpQjQRlc1-wYpELkw,ChdDSUhNMG9nS0VJQ0FnSUR5bUpHNnN3RRAB,4.0,嗨！帥哥您好：謝謝🙏您的惠顧，感恩再感恩喔！祝！安康 …,,,
ChIJceaYPzmpQjQRlc1-wYpELkw,ChdDSUhNMG9nS0VJQ0FnSUR5MEs3OXNnRRAB,4.0,價位中等服務好涼麵沒有想像中的好吃,,,
ChIJceaYPzmpQjQRlc1-wYpELkw,ChZDSUhNMG9nS0VJQ0FnSUN5Mi12amNnEAE,3.0,"吃涼麵還以為是白醋涼麵呢....
醋少一點會比較剛好",,,
ChIJceaYPzmpQjQRlc1-wYpELkw,ChdDSUhNMG9nS0VJQ0FnSUN5Mjg2aTRBRRAB,5.0,親愛的顧客您好：謝謝🙏您的惠顧以及給許多涼麵五顆星的好評，感恩再感恩。祝！新年大快樂，事事如意 …,,,
ChIJceaYPzmpQjQRlc1-wYpELkw,ChZDSUhNMG9nS0VJQ0FnSUN5aFlTNlR3EAE,5.0,泰式酸辣很好吃😋，很特別。 …,,,
ChIJceaYPzmpQjQRlc1-wYpELkw,ChdDSUhNMG9nS0VJQ0FnSUN5X3BpTjNBRRAB,5.0,這家店的涼麵口味很多，有泰式、台式，尤其日式涼麵口感非常清爽，有來蘆洲的話一定要嚐嚐,,,
ChIJceaYPzmpQjQRlc1-wYpELkw,ChdDSUhNMG9nS0VJQ0FnSUN5anZTTV9BRRAB,5.0,好吃,,,
ChIJceaYPzmpQjQRlc1-wYpELkw,ChZDSUhNMG9nS0VJQ0FnSUN5aks3ckN3EAE,4.0,醬料很敢給，有點太多，味道其實蠻特別，湯也可以，價格略高，但當宵夜很不錯的❤️,,,
ChIJceaYPzmpQjQRlc1-wYpELkw,ChdDSUhNMG9nS0VJQ0FnSURTcjdMUDVRRRAB,4.0,"親愛的顧客您的：
許多涼麵謝謝🙏您的惠顧，感恩喔！ …",,,
ChIJceaYPzmpQjQRlc1-wYpELkw,ChZDSUhNMG9nS0VJQ0FnSURTMjhia053EAE,4.0,老闆娘很好，服務親切又快速，涼麵很好吃，特製的辣椒吃了暖筋脈,,,
ChIJceaYPzmpQjQRlc1-wYpELkw,ChdDSUhNMG9nS0VJQ0FnSURTbzZUMS1BRRAB,5.0,味噌湯加貢丸蛋比別家有料很多，蘆洲最好喝味噌湯,,,
ChIJceaYPzmpQjQRlc1-wYpELkw,ChdDSUhNMG9nS0VJQ0FnSURTOWNxXzJ3RRAB,5.0,帥哥您好：謝謝🙏您惠顧，以及給予許多涼麵五顆星的好評，感恩再感恩喔！祝！一切順心如意 …,,,
ChIJceaYPzmpQjQRlc1-wYpELkw,ChZDSUhNMG9nS0VJQ0FnSURTMVk3VFd3EAE,5.0,批量生產，   混合式建築，   縣市合併升格直轄市,,,
ChIJceaYPzmpQjQRlc1-wYpELkw,ChZDSUhNMG9nS0VJQ0FnSURTbGMzaEN3EAE,5.0,"泰式涼麵酸酸辣辣的 吃起來真的很爽
台式涼麵蠻正統的 算好吃
日式涼麵清爽很ok

味噌鍋燒意麵也很好吃
味噌湯真的很好喝 超愛

24小時營業宵夜很方便
真的蠻推薦的",,,
ChIJceaYPzmpQjQRlc1-wYpELkw,ChZDSUhNMG9nS0VJQ0FnSURTM3JLOFN3EAE,4.0,"不錯吃哦
只是不好停車",,,
ChIJceaYPzmpQjQRlc1-wYpELkw,ChZDSUhNMG9nS0VJQ0FnSURTanNLYUt3EAE,1.0,"在foodpanda買了三合一味增湯，之前去店裡買是2顆貢丸，但送來只有1顆，後來打電話詢問，也說在foodpanda買是只有一顆，後來確認過上面確實也有寫只有一顆，但是foodpanda 上都寫了是「店內價」，不就應該要跟店裡買是一樣的嗎？如果是這樣，一碗味增湯加蛋40，一碗三合一味增50，貢丸兩顆10塊，在foodpanda 買我不就虧5塊？那這還叫「店內價」嗎？這是廣告不實吧！沒到店買過的人不就白白多花錢？店內價內容物也該要一樣吧！

例如我買個排骨便當標店內價，送來只有半塊排骨，這還叫店內價嗎？",,,
ChIJceaYPzmpQjQRlc1-wYpELkw,ChdDSUhNMG9nS0VJQ0FnSURTaHF2enZnRRAB,4.0,"親愛的顧客您好：
謝謝🙏您的惠顧，感恩再感恩！ …",,,
ChIJceaYPzmpQjQRlc1-wYpELkw,ChdDSUhNMG9nS0VJQ0FnSURTMnVTOF9BRRAB,3.0,"親愛的顧客您好：
謝謝🙏您的光臨與指教。感恩再感恩！ …",,,
ChIJceaYPzmpQjQRlc1-wYpELkw,ChdDSUhNMG9nS0VJQ0FnSUNTa3FITTdRRRAB,5.0,"這麼難吃的東西不能只有我吃到
大家快去買
我吃711就好
餐點看得出老闆無心經營",,,
ChIJceaYPzmpQjQRlc1-wYpELkw,ChdDSUhNMG9nS0VJQ0FnSUNTOFBPZTJ3RRAB,2.0,做錯單就算了，後來又算錯錢⋯,,,
ChIJceaYPzmpQjQRlc1-wYpELkw,ChZDSUhNMG9nS0VJQ0FnSUNTMElhUkhREAE,4.0,謝謝🙏您的惠顧，感恩再感恩！ …,,,
ChIJceaYPzmpQjQRlc1-wYpELkw,ChdDSUhNMG9nS0VJQ0FnSURpa2YzSG9nRRAB,4.0,宵夜好去處,,,
ChIJceaYPzmpQjQRlc1-wYpELkw,ChZDSUhNMG9nS0VJQ0FnSURpNnRUU0N3EAE,5.0,"點了台式雞絲涼麵跟味增湯加貢丸，涼麵蒜味非常夠味且辣，麻醬也很好吃😋
味增湯超滿一碗，加了兩大顆貢丸，配涼麵暖肚，好吃平價的一餐 …",,,
ChIJceaYPzmpQjQRlc1-wYpELkw,ChZDSUhNMG9nS0VJQ0FnSURpdktlYlhnEAE,5.0,許多涼麵是在我吃涼麵排名有超越台北南京東路陳家涼麵 與福德涼麵不分上下 店內乾淨 是我吃涼麵的首選,,,
ChIJceaYPzmpQjQRlc1-wYpELkw,ChdDSUhNMG9nS0VJQ0FnSURpOFBXRjl3RRAB,2.0,越南妹態度非常不好 口氣差 以後不去吃了,,,
ChIJceaYPzmpQjQRlc1-wYpELkw,ChdDSUhNMG9nS0VJQ0FnSUNpM2FienpRRRAB,5.0,感謝🙏帥哥您給予許多涼麵最棒的評價，感恩再感恩！ …,,,
ChIJceaYPzmpQjQRlc1-wYpELkw,ChdDSUhNMG9nS0VJQ0FnSUNpeHR2N3RRRRAB,3.0,簡單美食,,,
ChIJceaYPzmpQjQRlc1-wYpELkw,ChdDSUhNMG9nS0VJQ0FnSUNpcXBlWXZBRRAB,4.0,謝謝🙏帥哥您的的惠顧，感恩！ …,,,
ChIJceaYPzmpQjQRlc1-wYpELkw,ChZDSUhNMG9nS0VJQ0FnSUNpLUpULVBnEAE,5.0,一盒涼麵一碗味增湯，簡單又好吃,,,
ChIJceaYPzmpQjQRlc1-wYpELkw,ChZDSUhNMG9nS0VJQ0FnSURDcjdIQWFREAE,3.0,普普 方便在有24小時,,,
ChIJceaYPzmpQjQRlc1-wYpELkw,ChZDSUhNMG9nS0VJQ0FnSURDMTQyTEhnEAE,4.0,謝謝🙏您的惠顧與支持，感恩再感恩！ …,,,
ChIJceaYPzmpQjQRlc1-wYpELkw,ChdDSUhNMG9nS0VJQ0FnSURDNjREOWdRRRAB,3.0,24小時營業，口味還好,,,
ChIJceaYPzmpQjQRlc1-wYpELkw,ChZDSUhNMG9nS0VJQ0FnSURDOHJXallnEAE,5.0,麻醬濃厚 餐點品質非常優異 值得推薦,,,
ChIJceaYPzmpQjQRlc1-wYpELkw,ChZDSUhNMG9nS0VJQ0FnSURDa0kzMFdREAE,4.0,謝謝🙏您給予許多涼麵如此高的評價，感恩再感恩！ …,,,
ChIJceaYPzmpQjQRlc1-wYpELkw,ChdDSUhNMG9nS0VJQ0FnSUNDbDdlWDV3RRAB,4.0,感謝美女的惠顧與給予許多涼麵高評價，感恩再感恩！,,,
ChIJceaYPzmpQjQRlc1-wYpELkw,ChdDSUhNMG9nS0VJQ0FnSUNDMi15UDBRRRAB,4.0,"感謝大大給許多涼麵4顆星的評價喔！
歡迎👏您再度光臨 …",,,
ChIJceaYPzmpQjQRlc1-wYpELkw,ChZDSUhNMG9nS0VJQ0FnSUNDbS1MSFJREAE,4.0,量多料實在,,,
ChIJceaYPzmpQjQRlc1-wYpELkw,ChdDSUhNMG9nS0VJQ0FnSUNDbTl5UTdnRRAB,4.0,離我家超近的啦，味道還OK，老闆娘人很好,,,
ChIJceaYPzmpQjQRlc1-wYpELkw,ChdDSUhNMG9nS0VJQ0FnSUNDcTlUSTNnRRAB,5.0,宵夜就是他了,,,
ChIJceaYPzmpQjQRlc1-wYpELkw,ChZDSUhNMG9nS0VJQ0FnSUNDM3JDTUNBEAE,3.0,一般般吧,,,
ChIJceaYPzmpQjQRlc1-wYpELkw,ChZDSUhNMG9nS0VJQ0FnSURVaV9iSktnEAE,4.0,謝謝您的光臨！,,,
ChIJceaYPzmpQjQRlc1-wYpELkw,ChZDSUhNMG9nS0VJQ0FnSUM4MG9DUUFREAE,5.0,"謝謝您給許多涼麵5顆星的最高評價。
感恩再感恩！",,,
ChIJceaYPzmpQjQRlc1-wYpELkw,ChdDSUhNMG9nS0VJQ0FnSUNDLU9UUDJRRRAB,1.0,"一碗三合一的味增貢丸蛋花湯45元
完全沒喝，打開後的湯量，
整碗都撈完了，撈的超級乾淨
豆腐就這3小塊
碗裡還有浮一個碎豆腐
我不知道該說什麼😑",,,
ChIJceaYPzmpQjQRlc1-wYpELkw,ChZDSUhNMG9nS0VJQ0FnSUNDb1Bqc2RnEAE,5.0,感恩您給予許多涼麵的肯定，感恩再感恩！,,,
ChIJceaYPzmpQjQRlc1-wYpELkw,ChdDSUhNMG9nS0VJQ0FnSUNDZ0lQczl3RRAB,5.0,清新，好吃,,,
ChIJceaYPzmpQjQRlc1-wYpELkw,ChdDSUhNMG9nS0VJQ0FnSUQ4bjVhdS1nRRAB,4.0,服務親切，價格適中,,,
ChIJceaYPzmpQjQRlc1-wYpELkw,ChZDSUhNMG9nS0VJQ0FnSUQ4M1k2bGVREAE,5.0,"感謝🙏您給予 許多涼麵 5顆星最高的評價。
感恩再感恩喔！ …",,,
ChIJceaYPzmpQjQRlc1-wYpELkw,ChdDSUhNMG9nS0VJQ0FnSUQ4eGNYSnZRRRAB,5.0,第一次來吃。很喜歡耶 會成為常客,,,
ChIJceaYPzmpQjQRlc1-wYpELkw,ChdDSUhNMG9nS0VJQ0FnSUQ4eGZuUS13RRAB,5.0,點台式雞絲涼麵，非常好吃，辣油很香。附近有停車場，方便。半開放式店面，如果可以再涼一點會更完美。,,,
ChIJceaYPzmpQjQRlc1-wYpELkw,ChdDSUhNMG9nS0VJQ0FnSUM4c3ZxcTFBRRAB,1.0,"去吃過幾次 ，這次吃味增湯豆腐有深有淺，感覺是參雜舊的湯賣的，感覺不是太好。
半夜有時候想去吃，常常看到店外有一票不良少年聚集，有一次還聞到怪味……傻眼
且員工跟客人會在門口抽煙 ，煙味都飄到裡面蠻不舒服的，然後裡面的店員態度都不怎麼好，我又沒欠你🙄。 …",,,
ChIJceaYPzmpQjQRlc1-wYpELkw,ChZDSUhNMG9nS0VJQ0FnSUQ4MmFmZEh3EAE,4.0,夏天還是涼麵消暑,,,
ChIJceaYPzmpQjQRlc1-wYpELkw,ChZDSUhNMG9nS0VJQ0FnSUQ4bm9HeVVREAE,5.0,謝謝水水給予許多涼麵5顆星的最高評價，我們會更加努力的，我代表全體工作人員向妳致謝🙏。並歡迎您再度光臨，感恩再感恩喔！ …,,,
ChIJceaYPzmpQjQRlc1-wYpELkw,ChdDSUhNMG9nS0VJQ0FnSUM4bTlldHlnRRAB,3.0,"涼麵ok,其餘尚可",,,
ChIJceaYPzmpQjQRlc1-wYpELkw,ChdDSUhNMG9nS0VJQ0FnSUM4cTRHZW1BRRAB,4.0,"謝謝您🙏給予許多涼麵4顆星的評價，感恩再感恩！
歡迎您再度光臨 …",,,
ChIJceaYPzmpQjQRlc1-wYpELkw,ChdDSUhNMG9nS0VJQ0FnSUM4X3ZxbjdBRRAB,5.0,好吃😋辣也好吃 …,,,
ChIJceaYPzmpQjQRlc1-wYpELkw,ChZDSUhNMG9nS0VJQ0FnSUM4dnFmaVZnEAE,4.0,提供三種不同口味，尤其有難得的泰式檸檬味，夏天吃非常的清爽開胃：）,,,
ChIJceaYPzmpQjQRlc1-wYpELkw,ChZDSUhNMG9nS0VJQ0FnSUM4MnUtWWNREAE,4.0,謝謝大大給許多涼麵4顆星的評價喔！,,,
ChIJceaYPzmpQjQRlc1-wYpELkw,ChdDSUhNMG9nS0VJQ0FnSUM4c3ZhbTJnRRAB,5.0,謝謝您給於許多涼麵5顆星的評價,,,
ChIJceaYPzmpQjQRlc1-wYpELkw,ChdDSUhNMG9nS0VJQ0FnSURrOTRxVDF3RRAB,4.0,他們的涼麵很特別，值得推薦,,,
ChIJceaYPzmpQjQRlc1-wYpELkw,ChdDSUhNMG9nS0VJQ0FnSURjdGVPbjlBRRAB,5.0,帥哥您好：謝謝🙏您惠顧，以及給予許多涼麵五顆星的好評，感恩再感恩喔！祝！一切順心愉快 …,,,
ChIJceaYPzmpQjQRlc1-wYpELkw,ChdDSUhNMG9nS0VJQ0FnSURjNWJITG1BRRAB,4.0,謝謝您給許多涼麵4顆星的評價喔！,,,
ChIJceaYPzmpQjQRlc1-wYpELkw,ChZDSUhNMG9nS0VJQ0FnSURjelA3cEtnEAE,5.0,"感謝大大您的光臨！
感恩不盡",,,
ChIJceaYPzmpQjQRlc1-wYpELkw,ChZDSUhNMG9nS0VJQ0FnSURjdXFXWUp3EAE,5.0,謝謝您給予敝店5顆星的最高評價，感恩再感恩喔！,,,
ChIJceaYPzmpQjQRlc1-wYpELkw,ChdDSUhNMG9nS0VJQ0FnSURjcXFXSDZnRRAB,1.0,"其他客人亂坐位子跟我換其他位子就好(感覺問題）
這是我最後一次吃許多涼麵",,,
ChIJceaYPzmpQjQRlc1-wYpELkw,ChZDSUhNMG9nS0VJQ0FnSURjMHNuS0ZnEAE,5.0,送餐快，菜單多元，不錯吃,,,
ChIJceaYPzmpQjQRlc1-wYpELkw,ChZDSUhNMG9nS0VJQ0FnSURjX015OGJREAE,5.0,"謝謝您的光臨和給予我們5顆星的評價。
感恩再感恩喔！",,,
ChIJceaYPzmpQjQRlc1-wYpELkw,ChdDSUhNMG9nS0VJQ0FnSURjNU11dC1RRRAB,4.0,謝謝您的光臨！,,,
ChIJceaYPzmpQjQRlc1-wYpELkw,ChdDSUhNMG9nS0VJQ0FnSURjNU0ydHBnRRAB,5.0,"24小時營業、適合吃宵夜
泰式酸辣涼麵的口味還不錯～",,,
ChIJceaYPzmpQjQRlc1-wYpELkw,ChdDSUhNMG9nS0VJQ0FnSUNjMzhxZjBBRRAB,5.0,親愛的顧客您好：謝謝您的惠顧，以及您給予許多涼麵五顆星的好評，感恩再感恩喔！祝！康安,,,
ChIJceaYPzmpQjQRlc1-wYpELkw,ChZDSUhNMG9nS0VJQ0FnSUNjNzhycUVnEAE,5.0,謝謝您的光臨與鼓勵,,,
ChIJceaYPzmpQjQRlc1-wYpELkw,ChZDSUhNMG9nS0VJQ0FnSUNjdDVxT0VREAE,5.0,泰式不錯,,,
ChIJceaYPzmpQjQRlc1-wYpELkw,ChZDSUhNMG9nS0VJQ0FnSUNjcDc3b1lREAE,5.0,方便快速的宵夜,,,
ChIJceaYPzmpQjQRlc1-wYpELkw,ChdDSUhNMG9nS0VJQ0FnSUNjeC03WDF3RRAB,5.0,"有些人低分給的不尊重
尤其是說蒜味重的酸民
不吃可以先說 …",,,
ChIJceaYPzmpQjQRlc1-wYpELkw,ChZDSUhNMG9nS0VJQ0FnSUNjaDdMWUp3EAE,3.0,謝謝您的光臨,,,
ChIJceaYPzmpQjQRlc1-wYpELkw,ChZDSUhNMG9nS0VJQ0FnSUNjdV8zd2V3EAE,5.0,"價格可接受，
用餐環境很棒，
東西衛生乾淨好吃。",,,
ChIJceaYPzmpQjQRlc1-wYpELkw,ChZDSUhNMG9nS0VJQ0FnSUNjczUtalpREAE,5.0,帥哥您好：謝謝🙏您的惠顧，以及給予許多涼麵五顆星的好評，感恩再感恩喔！祝您！一切順心如意 …,,,
ChIJceaYPzmpQjQRlc1-wYpELkw,ChdDSUhNMG9nS0VJQ0FnSUNja19LUnd3RRAB,4.0,"老闆娘很客氣
涼麵份量很足夠
三合一湯豆腐份量不足
用餐環境清潔",,,
ChIJceaYPzmpQjQRlc1-wYpELkw,ChdDSUhNMG9nS0VJQ0FnSUNjazhqS2pnRRAB,5.0,"24小時夜貓族好去處，涼麵一般般
味增湯三合一還不錯，比很多老店好喝
鹹度稍微淡一點更好
個人給95分",,,
ChIJceaYPzmpQjQRlc1-wYpELkw,ChZDSUhNMG9nS0VJQ0FnSUNjamYtN0t3EAE,1.0,之前去吃過幾次，食物普通，但遇到女店員態度非常不好……不想再去~,,,
ChIJceaYPzmpQjQRlc1-wYpELkw,ChdDSUhNMG9nS0VJQ0FnSURzZ1p6RDNnRRAB,3.0,謝謝🙏您的光臨！ …,,,
ChIJceaYPzmpQjQRlc1-wYpELkw,ChdDSUhNMG9nS0VJQ0FnSUNzdjVqRm9RRRAB,2.0,口味一般般，沒有特色！,,,
ChIJceaYPzmpQjQRlc1-wYpELkw,ChdDSUhNMG9nS0VJQ0FnSUNzeDdIR3RBRRAB,1.0,謝謝您🙏的光臨 …,,,
ChIJceaYPzmpQjQRlc1-wYpELkw,ChZDSUhNMG9nS0VJQ0FnSUNzMjhyYkR3EAE,2.0,口味還好!,,,
ChIJceaYPzmpQjQRlc1-wYpELkw,ChZDSUhNMG9nS0VJQ0FnSUNzbGQzVmJ3EAE,3.0,謝謝您🙏的光臨！感恩！ …,,,
ChIJceaYPzmpQjQRlc1-wYpELkw,ChZDSUhNMG9nS0VJQ0FnSUNzbVlyckVnEAE,4.0,謝謝您🙏的光臨！希望您能再度光臨！ …,,,
ChIJceaYPzmpQjQRlc1-wYpELkw,ChZDSUhNMG9nS0VJQ0FnSUNzMGNEclF3EAE,4.0,常常光顧這間涼麵店，營業的時間非常長，找不到消夜時的好去處，涼麵的口味是我非常喜歡的日式口感+蒜味，搭配店家的辣椒，非常對味，涼麵也有許多種口味，單吃涼麵的話或許會有點單調，還好店家也有提供一些小菜，能夠排解一絲無聊單調，湯的話選擇的是味噌綜合湯，喜歡蛋花滑順的口感，和湯頭的清甜，蔥花也不會太少，搭配涼麵真的是絕配，店內環境也算乾淨明亮，總體來說是吃東西的好去處，方便、快速、好吃，尤其式涼麵這種更需要在意衛生的食物，在現今充滿食安問題的社會風氣下，僅存的涼麵店更顯得難能可貴,,,
ChIJceaYPzmpQjQRlc1-wYpELkw,ChZDSUhNMG9nS0VJQ0FnSUNzOG9UdEtnEAE,4.0,謝謝您🙏的光臨 …,,,
ChIJceaYPzmpQjQRlc1-wYpELkw,ChZDSUhNMG9nS0VJQ0FnSUNzc3V1cU1BEAE,3.0,"有24小時營業，全年無休，至少目前如此。
麵量多，價格合理，但味噌湯口味不好且豆腐少，調醬中的大蒜味過於辛辣。",,,
ChIJceaYPzmpQjQRlc1-wYpELkw,ChZDSUhNMG9nS0VJQ0FnSUNzeVBUUU5REAE,1.0,"涼麵普通 吃起來都是蒜泥味
小菜也還好",,,
ChIJceaYPzmpQjQRlc1-wYpELkw,ChZDSUhNMG9nS0VJQ0FnSURNcDlfUUxBEAE,3.0,謝謝🙏您的光臨 …,,,
ChIJceaYPzmpQjQRlc1-wYpELkw,ChZDSUhNMG9nS0VJQ0FnSURNemJLOEVREAE,2.0,謝謝🙏您的光臨 …,,,
ChIJceaYPzmpQjQRlc1-wYpELkw,ChZDSUhNMG9nS0VJQ0FnSURNeVl6aUVREAE,4.0,感謝您光臨敝店，感恩！,,,
ChIJceaYPzmpQjQRlc1-wYpELkw,ChdDSUhNMG9nS0VJQ0FnSURNdnQ3QWdnRRAB,3.0,謝謝您🙏的光臨 …,,,
ChIJceaYPzmpQjQRlc1-wYpELkw,ChdDSUhNMG9nS0VJQ0FnSURNenFiNC13RRAB,4.0,口味還不錯 價格 不貴,,,
ChIJceaYPzmpQjQRlc1-wYpELkw,ChZDSUhNMG9nS0VJQ0FnSURNaXF2cGZnEAE,5.0,好吃,,,
ChIJceaYPzmpQjQRlc1-wYpELkw,ChZDSUhNMG9nS0VJQ0FnSURNcU9XZlJBEAE,5.0,謝謝您🙏光臨許多涼麵 …,,,
ChIJceaYPzmpQjQRlc1-wYpELkw,ChZDSUhNMG9nS0VJQ0FnSUQwNWM2T0dREAE,5.0,妳不就是那位不稱職的離職員工嗎！,,,
ChIJceaYPzmpQjQRlc1-wYpELkw,ChdDSUhNMG9nS0VJQ0FnSUNNejlhZXhnRRAB,3.0,謝謝您的光臨🙏 …,,,
ChIJceaYPzmpQjQRlc1-wYpELkw,ChZDSUhNMG9nS0VJQ0FnSUNNczVLbGVREAE,4.0,謝謝您的光臨與鼓勵！,,,
ChIJceaYPzmpQjQRlc1-wYpELkw,ChdDSUhNMG9nS0VJQ0FnSUNNazV1eW1RRRAB,5.0,感恩帥哥給予許多涼麵5顆星的肯定。感激不盡！,,,
ChIJceaYPzmpQjQRlc1-wYpELkw,ChZDSUhNMG9nS0VJQ0FnSUNNX2NMTGRnEAE,3.0,謝謝🙏帥哥光臨 …,,,
ChIJceaYPzmpQjQRlc1-wYpELkw,ChdDSUhNMG9nS0VJQ0FnSURZekpySHV3RRAB,4.0,謝謝帥哥的光臨！,,,
ChIJceaYPzmpQjQRlc1-wYpELkw,ChdDSUhNMG9nS0VJQ0FnSUNNMWJ5Ri1RRRAB,5.0,我們全家都愛吃你們家的，改天在去捧場,,,
ChIJceaYPzmpQjQRlc1-wYpELkw,ChdDSUhNMG9nS0VJQ0FnSUNNamN2MHhBRRAB,5.0,湯很好喝，麵算中上水準,,,
ChIJceaYPzmpQjQRlc1-wYpELkw,ChdDSUhNMG9nS0VJQ0FnSUNVaWRmNXVnRRAB,1.0,"60元特大的份量和50元的份量差不多
肚子餓不適合去吃，因為份量超少的 …",,,
ChIJceaYPzmpQjQRlc1-wYpELkw,ChZDSUhNMG9nS0VJQ0FnSUNNeVpYSVF3EAE,5.0,"謝謝您給許多涼麵5顆星的評價。
感恩！",,,
ChIJceaYPzmpQjQRlc1-wYpELkw,ChdDSUhNMG9nS0VJQ0FnSUNNNGRueGl3RRAB,5.0,感謝🙏帥哥的肯定！ …,,,
ChIJceaYPzmpQjQRlc1-wYpELkw,ChZDSUhNMG9nS0VJQ0FnSUNNb1lXcllnEAE,5.0,感謝帥帥給予許多涼麵5顆星的評價。感恩！歡迎您再度光臨！,,,
